1,一,,one,,1,,
2,二,,two,,2,,
3,三,,three,,3,,
4,四,,four,,5,,
5,五,,five,,4,,
6,六,,six,,4,,
7,七,,seven,,2,,
8,八,,eight,,2,,
9,九,,nine,,2,,
10,十,,ten,,2,,
11,口,,mouth,,3,,
12,日,,day,,4,,
13,月,,month,,4,,
14,田,,rice field,,5,,
15,目,,eye,,5,,
15.1,⺫,"<img class=""rtk-primitive"" src=""mRtK6-0015.1-eye.svg""/>",eye,,5,y,
16,古,,old,,5,,
17,吾,,I,,7,,
20,明,,bright,,8,,
23,品,,goods,,9,,
24,呂,,spine,,7,,
26,早,,early,,6,,
28,世,,generation,,5,,
30,旦,,nightbreak,,5,,
P-001,丨,"<img class=""rtk-primitive"" src=""mRtK6-P-001-walking_stick.svg""/>",walking stick,,1,y,
P-002,丶,"<img class=""rtk-primitive"" src=""mRtK6-P-002-a_drop_of.svg""/>",a drop of,,1,y,
35,旧,,olden times,,5,,
36,自,,oneself,,6,,
37,白,,white,,5,,
38,百,,hundred,,6,,
39,中,,in,,4,,
40,千,,thousand,,3,,
41,舌,,tongue,,6,,
42,升,,measuring box,,4,,
44,丸,,round,,3,,
45,寸,,measurement,,3,,
47,専,,specialty,,9,,
48,博,,Dr.,,12,,
P-003,⼘,"<img class=""rtk-primitive"" src=""mRtK6-P-003-divining_rod.svg""/>",divining rod,,2,y,
48.1,尃,"<img class=""rtk-primitive"" src=""mRtK6-0048.1-acupuncturist.svg""/>",acupuncturist,,10,y,
49,占,,fortune-telling,,5,,
50,上,,above,,3,,
51,下,,below,,3,,
P-004,𠦝,"<img class=""rtk-primitive"" src=""mRtK6-P-004-mist.svg""/>",mist,,8,y,
53,朝,,morning,,12,,
P-005,ハ,"<img class=""rtk-primitive"" src=""mRtK6-P-005-animal_legs.svg""/>",animal legs,,2,y,
P-006,儿,"<img class=""rtk-primitive"" src=""mRtK6-P-006-human_legs.svg""/>",human legs,,2,y,
P-007,几,"<img class=""rtk-primitive"" src=""mRtK6-P-007-wind.svg""/>",wind,,2,y,
P-008.1,勹,"<img class=""rtk-primitive"" src=""mRtK6-P-008.1-bound_up.svg""/>",bound up,,2,y,
P-008.2,⺈,"<img class=""rtk-primitive"" src=""mRtK6-P-008.2-bound_up-small.svg""/>",bound up (small),,2,y,
P-009,丷,"<img class=""rtk-primitive"" src=""mRtK6-P-009-horns.svg""/>",horns,,2,y,
56,貝,,shellfish,,7,,
59,員,,employee,,10,,
61,見,,see,,7,,
62,児,,newborn babe,,7,,
63,元,,beginning,,4,,
64,頁,,page,,9,,
65,頑,,stubborn,,13,,
66,凡,,mediocre,,3,,
67,負,,defeat,,9,,
68,万,,ten thousand,,3,,
69,句,,phrase,,5,,
72,勺,,ladle,,3,,
73,的,,bull's eye,,8,,
74,首,,neck,,9,,
75,乙,,fish guts,,1,,
75.2,,"<img class=""rtk-primitive"" src=""mRtK6-0075.2-hook-bottom.svg""/>",hook (bottom),,1,y,
75.1,⺃,"<img class=""rtk-primitive"" src=""mRtK6-0075.1-hook-right.svg""/>",hook (right),,1,y,
76,乱,,riot,,7,,
77,直,,straightaway,,8,,
P-010,,"<img class=""rtk-primitive"" src=""mRtK6-P-010-tool.svg""/>",tool,,3,y,
78,具,,tool,,8,,
79,真,,true,,10,,
P-011,,"<img class=""rtk-primitive"" src=""mRtK6-P-011-by_ones_side.svg""/>",by ones side,,2,y,
80,工,,craft,,3,,
81,左,,left,,5,,
82,右,,right,,5,,
83,有,,possess,,6,,
87,刀,,sword,,2,,
87.1,⺉,"<img class=""rtk-primitive"" src=""mRtK6-0087.1-saber.svg""/>",saber,,2,y,
88,刃,,blade,,3,,
89,切,,cut,,4,,
90,召,,seduce,,5,,
91,昭,,shining,,9,,
92,則,,rule,,9,,
P-012,畐,"<img class=""rtk-primitive"" src=""mRtK6-P-012-wealth.svg""/>",wealth,,9,y,
94,別,,separate,,7,,
95,丁,,street,,2,,
96,町,,town,,7,,
97,可,,can,,5,,
98,頂,,place on the head,,11,,
99,子,,child,,3,,
101,了,,complete,,2,,
102,女,,woman,,3,,
103,好,,fond,,6,,
105,母,,mama,,5,,
105.1,⽏,"<img class=""rtk-primitive"" src=""mRtK6-0105.1-mama.svg""/>",mama,,4,y,
105.2,,"<img class=""rtk-primitive"" src=""mRtK6-0105.2-mama-top.svg""/>",mama (top),,4,y,
107,兄,,elder brother,,5,,
110,小,,little,,3,,
110.1,⺌,"<img class=""rtk-primitive"" src=""mRtK6-0110.1-little-top.svg""/>",little (top),,3,y,
111,少,,few,,4,,
112,大,,large,,3,,
113,多,,many,,6,,
114,夕,,evening,,3,,
116,外,,outside,,5,,
117,名,,name,,6,,
P-013,厂,"<img class=""rtk-primitive"" src=""mRtK6-P-013-cliff.svg""/>",cliff,,2,y,
118,石,,stone,,5,,
119,肖,,resemblance,,7,,
121,砕,,smash,,9,,
122,砂,,sand,,9,,
125,光,,ray,,6,,
126,太,,plump,,4,,
127,器,,utensil,,15,,
130,妙,,exquisite,,7,,
131,省,,focus,,9,,
133,奇,,strange,,8,,
134,川,,stream,,3,,
134.1,⼮,"<img class=""rtk-primitive"" src=""mRtK6-0134.1-flood-top.svg""/>",flood (top),,3,y,
134.2,,"<img class=""rtk-primitive"" src=""mRtK6-0134.2-flood-bottom.svg""/>",flood (bottom),,3,y,
135,州,,state,,6,,
136,順,,obey,,12,,
137,水,,water,,4,,
137.1,⺡,"<img class=""rtk-primitive"" src=""mRtK6-0137.1-water.svg""/>",water,,3,y,
139,永,,eternity,,5,,
140,泉,,spring,,9,,
140.1,,"<img class=""rtk-primitive"" src=""mRtK6-0140.1-spring.svg""/>",spring,,8,y,
142,原,,meadow,,10,,
143,願,,petition,,19,,
153,源,,source,,13,,
154,活,,lively,,9,,
155,消,,extinguish,,10,,
158,泊,,overnight,,8,,
161,土,,soil,,3,,
167,圭,,squared jewel,,6,,
170,寺,,Buddhist temple,,6,,
171,時,,time,,10,,
173,火,,fire,,4,,
173.1,⺣,"<img class=""rtk-primitive"" src=""mRtK6-0173.1-fire.svg""/>",fire,,4,y,
174,炎,,inflammation,,8,,
181,点,,spot,,9,,
182,照,,illuminate,,13,,
183,魚,,fish,,11,,
185,里,,ri,,7,,
186,黒,,black,,11,,
189,量,,quantity,,12,,
191,埋,,bury,,10,,
P-014,冂,"<img class=""rtk-primitive"" src=""mRtK6-P-014-hood.svg""/>",hood,,2,y,
192,同,,same,,6,,
195,向,,yonder,,6,,
P-015,宀,"<img class=""rtk-primitive"" src=""mRtK6-P-015-house.svg""/>",house,,3,y,
197,字,,character,,6,,
198,守,,guard,,6,,
199,完,,perfect,,7,,
202,安,,relax,,6,,
204,寄,,draw near,,11,,
205,富,,wealth,,12,,
207,木,,tree,,4,,
207.1,ホ,"<img class=""rtk-primitive"" src=""mRtK6-0207.1-pole.svg""/>",pole,,4,y,
208,林,,grove,,8,,
209,森,,forest,,12,,
217,植,,plant,,12,,
221,村,,village,,7,,
222,相,,inter-,,9,,
224,本,,book,,5,,
226,暦,,calendar,,14,,
227,案,,plan,,10,,
229,未,,not yet,,5,,
230,昧,,obscure,,9,,
233,味,,flavor,,8,,
234,妹,,younger sister,,8,,
235,朱,,vermilion,,6,,
P-016,艹,"<img class=""rtk-primitive"" src=""mRtK6-P-016-flower.svg""/>",flower,,3,y,
237,若,,young,,8,,
238,草,,grass,,9,,
239,苦,,suffering,,8,,
242,薄,,dilute,,16,,
243,葉,,leaf,,12,,
P-017,莫,"<img class=""rtk-primitive"" src=""mRtK6-P-017-graveyard.svg""/>",graveyard,,10,y,
247,暮,,livelihood,,14,,
249,苗,,seedling,,8,,
250,兆,,portent,,6,,
250.1,⺦,"<img class=""rtk-primitive"" src=""mRtK6-0250.1-turtle.svg""/>",turtle,,3,y,
252,眺,,stare,,11,,
253,犬,,dog,,4,,
253.1,⺨,"<img class=""rtk-primitive"" src=""mRtK6-0253.1-pack_of_wild_dogs.svg""/>",pack of wild dogs,,3,y,
254,状,,status quo,,7,,
255,黙,,silence,,15,,
256,然,,sort of thing,,12,,
260,牛,,cow,,4,,
260.1,⺧,"<img class=""rtk-primitive"" src=""mRtK6-0260.1-cow-top.svg""/>",cow (top),,4,y,
260.2,牜,"<img class=""rtk-primitive"" src=""mRtK6-0260.2-cow-left.svg""/>",cow (left),,4,y,
261,特,,special,,10,,
262,告,,revelation,,7,,
263,先,,before,,6,,
264,洗,,wash,,9,,
P-018,𠆢,"<img class=""rtk-primitive"" src=""mRtK6-P-018-umbrella.svg""/>",umbrella,,2,y,
265,介,,jammed in,,4,,
266,界,,world,,9,,
267,茶,,tea,,9,,
P-019,,"<img class=""rtk-primitive"" src=""mRtK6-P-019-meeting.svg""/>",meeting,,3,y,
269,合,,fit,,6,,
271,王,,king,,4,,
272,玉,,jewel,,5,,
275,現,,present,,11,,
277,狂,,lunatic,,7,,
280,呈,,display,,7,,
281,全,,whole,,6,,
283,理,,logic,,11,,
284,主,,lord,,5,,
285,注,,pour,,8,,
287,金,,gold,,8,,
P-020,⻌,"<img class=""rtk-primitive"" src=""mRtK6-P-020-road.svg""/>",road,,3,y,
295,道,,road-way,,12,,
299,造,,create,,10,,
300,迫,,urge,,8,,
301,逃,,escape,,9,,
302,辺,,environs,,5,,
304,車,,car,,7,,
305,連,,take along,,10,,
306.1,刖,"<img class=""rtk-primitive"" src=""mRtK6-0306.1-butcher.svg""/>",butcher,,6,y,
309,前,,in front,,9,,
P-021,夂,"<img class=""rtk-primitive"" src=""mRtK6-P-021-walking_legs.svg""/>",walking legs,,3,y,
311,各,,each,,6,,
312,格,,status,,10,,
314,略,,abbreviation,,11,,
315,客,,guest,,9,,
316,額,,forehead,,18,,
317,夏,,summer,,10,,
318,処,,dispose,,5,,
319,条,,twig,,7,,
320,落,,fall,,12,,
P-022,冖,"<img class=""rtk-primitive"" src=""mRtK6-P-022-crown.svg""/>",crown,,2,y,
323,軍,,army,,9,,
325,運,,carry,,12,,
327,夢,,dream,,13,,
P-023,亠,"<img class=""rtk-primitive"" src=""mRtK6-P-023-top_hat.svg""/>",top hat,,2,y,
P-024,亢,"<img class=""rtk-primitive"" src=""mRtK6-P-024-whirlwind.svg""/>",whirlwind,,4,y,
329,高,,tall,,10,,
329.1,,"<img class=""rtk-primitive"" src=""mRtK6-0329.1-tall.svg""/>",tall,,5,y,
334,京,,capital,,8,,
336,景,,scenery,,12,,
P-025,𠮷,"<img class=""rtk-primitive"" src=""mRtK6-P-025-lidded_crock.svg""/>",lidded crock,,6,y,
338,舎,,cottage,,8,,
339,周,,circumference,,8,,
340,週,,week,,11,,
341,士,,gentleman,,3,,
342,吉,,good luck,,6,,
343,壮,,robust,,6,,
345,売,,sell,,7,,
P-026,,"<img class=""rtk-primitive"" src=""mRtK6-P-026-schoolhouse.svg""/>",schoolhouse,,5,y,
346,学,,study,,8,,
347,覚,,memorize,,12,,
P-027.1,⾀,"<img class=""rtk-primitive"" src=""mRtK6-P-027.1-brush.svg""/>",brush,,6,y,
P-027.2,⺻,"<img class=""rtk-primitive"" src=""mRtK6-P-027.2-brush-top.svg""/>",brush (top),,6,y,
349,書,,write,,10,,
350,津,,haven,,9,,
P-028,攵,"<img class=""rtk-primitive"" src=""mRtK6-P-028-taskmaster.svg""/>",taskmaster,,4,y,
352,攻,,aggression,,7,,
353,敗,,failure,,11,,
354,枚,,a sheet of,,8,,
355,故,,happenstance,,9,,
356,敬,,awe,,12,,
357,言,,say,,7,,
358,警,,admonish,,19,,
359,計,,plot,,9,,
367,詰,,packed,,13,,
368,話,,tale,,13,,
371,語,,word,,14,,
372,読,,read,,14,,
373,調,,tune,,15,,
374,談,,discuss,,15,,
P-029,弋,"<img class=""rtk-primitive"" src=""mRtK6-P-029-arrow.svg""/>",arrow,,3,y,
377,式,,style,,6,,
378,試,,test,,13,,
P-030,,"<img class=""rtk-primitive"" src=""mRtK6-P-030-quiver.svg""/>",quiver,,4,y,
P-031,戈,"<img class=""rtk-primitive"" src=""mRtK6-P-031-fiesta.svg""/>",fiesta,,4,y,
380,域,,range,,11,,
P-032,𢦏,"<img class=""rtk-primitive"" src=""mRtK6-P-032-thanksgiving.svg""/>",thanksgiving,,6,y,
P-033,戊,"<img class=""rtk-primitive"" src=""mRtK6-P-033-parade.svg""/>",parade,,5,y,
386,成,,turn into,,6,,
387,城,,castle,,9,,
P-034,戌,"<img class=""rtk-primitive"" src=""mRtK6-P-034-march.svg""/>",march,,6,y,
389,威,,intimidate,,9,,
390,滅,,destroy,,13,,
391,減,,dwindle,,12,,
P-035,㦮,"<img class=""rtk-primitive"" src=""mRtK6-P-035-float.svg""/>",float,,6,y,
394,銭,,coin,,14,,
395,浅,,shallow,,9,,
396,止,,stop,,4,,
397,歩,,walk,,8,,
402,歴,,curriculum,,14,,
403,武,,warrior,,8,,
405,正,,correct,,5,,
406,証,,evidence,,12,,
407,政,,politics,,9,,
P-036,,"<img class=""rtk-primitive"" src=""mRtK6-P-036-mending.svg""/>",mending,,5,y,
408,定,,determine,,8,,
410,走,,run,,7,,
411,超,,transcend,,12,,
413,越,,surpass,,12,,
414,是,,just so,,9,,
415,題,,topic,,18,,
P-037,廴,"<img class=""rtk-primitive"" src=""mRtK6-P-037-stretch.svg""/>",stretch,,3,y,
417,建,,build,,9,,
P-038.1,疋,"<img class=""rtk-primitive"" src=""mRtK6-P-038.1-zoo.svg""/>",zoo,,5,y,
P-038.2,⺪,"<img class=""rtk-primitive"" src=""mRtK6-P-038.2-zoo-left.svg""/>",zoo (left),,5,y,
423,衣,,garment,,6,,
423.2,,"<img class=""rtk-primitive"" src=""mRtK6-0423.2-scarf.svg""/>",scarf,,4,y,
423.4,,"<img class=""rtk-primitive"" src=""mRtK6-0423.4-unhooked_scarf.svg""/>",unhooked scarf,,4,y,
423.1,⻂,"<img class=""rtk-primitive"" src=""mRtK6-0423.1-cloak.svg""/>",cloak,,5,y,
423.3,,"<img class=""rtk-primitive"" src=""mRtK6-0423.3-top_hat_and_scarf.svg""/>",top hat and scarf,,6,y,
425,装,,attire,,12,,
426,裏,,back,,13,,
428,哀,,pathetic,,9,,
429,遠,,distant,,13,,
431,初,,first time,,7,,
432,巾,,towel,,3,,
433,布,,linen,,5,,
437,幕,,curtain,,13,,
440,市,,market,,5,,
442,姉,,elder sister,,8,,
P-039,,"<img class=""rtk-primitive"" src=""mRtK6-P-039-apron.svg""/>",apron,,5,y,
P-040,丗,"<img class=""rtk-primitive"" src=""mRtK6-P-040-buckle.svg""/>",buckle,,5,y,
444,帯,,sash,,10,,
P-041,,"<img class=""rtk-primitive"" src=""mRtK6-P-041-belt.svg""/>",belt,,2,y,
446,刺,,thorn,,8,,
447,制,,system,,8,,
P-042,云,"<img class=""rtk-primitive"" src=""mRtK6-P-042-rising_cloud.svg""/>",rising cloud,,4,y,
449,転,,revolve,,11,,
450,芸,,technique,,7,,
451,雨,,rain,,8,,
451.1,⻗,"<img class=""rtk-primitive"" src=""mRtK6-0451.1-rain-top.svg""/>",rain (top),,8,y,
452,雲,,cloud,,12,,
P-043.1,冫,"<img class=""rtk-primitive"" src=""mRtK6-P-043.1-ice-left.svg""/>",ice (left),,2,y,
P-043.2,⺀,"<img class=""rtk-primitive"" src=""mRtK6-P-043.2-ice-bottom.svg""/>",ice (bottom),,2,y,
456,冬,,winter,,5,,
457,天,,heavens,,4,,
457.1,夭,"<img class=""rtk-primitive"" src=""mRtK6-0457.1-witch.svg""/>",witch,,4,y,
P-044,喬,"<img class=""rtk-primitive"" src=""mRtK6-P-044-angel.svg""/>",angel,,12,y,
460,橋,,bridge,,16,,
462,立,,stand up,,5,,
463,泣,,cry,,8,,
464,章,,badge,,11,,
471,商,,make a deal,,11,,
P-045,啇,"<img class=""rtk-primitive"" src=""mRtK6-P-045-antique.svg""/>",antique,,11,y,
473,適,,suitable,,14,,
475,敵,,enemy,,15,,
476,匕,,spoon,,2,,
479,頃,,about that time,,11,,
480,北,,north,,5,,
481,背,,stature,,9,,
482,比,,compare,,4,,
484,皆,,all,,9,,
P-046,,"<img class=""rtk-primitive"" src=""mRtK6-P-046-siesta.svg""/>",siesta,,8,y,
493,旨,,delicious,,6,,
P-047,𠂉,"<img class=""rtk-primitive"" src=""mRtK6-P-047-reclining.svg""/>",reclining,,2,y,
497,毎,,every,,6,,
499,梅,,plum,,10,,
500,海,,sea,,9,,
P-048,复,"<img class=""rtk-primitive"" src=""mRtK6-P-048-double_back.svg""/>",double back,,9,y,
503,腹,,abdomen,,13,,
505,欠,,lack,,4,,
506,吹,,blow,,7,,
508,歌,,song,,14,,
510,次,,next,,6,,
512,資,,assets,,13,,
513,姿,,figure,,9,,
P-049,咅,"<img class=""rtk-primitive"" src=""mRtK6-P-049-muzzle.svg""/>",muzzle,,8,y,
518,音,,sound,,9,,
519,暗,,darkness,,13,,
P-050,戠,"<img class=""rtk-primitive"" src=""mRtK6-P-050-kazoo.svg""/>",kazoo,,12,y,
521,識,,discriminating,,19,,
P-051,竟,"<img class=""rtk-primitive"" src=""mRtK6-P-051-mirror.svg""/>",mirror,,11,y,
522,鏡,,mirror,,19,,
523,境,,boundary,,14,,
524,亡,,deceased,,3,,
527,荒,,laid waste,,9,,
528,望,,ambition,,11,,
529,方,,direction,,4,,
531,坊,,boy,,7,,
534,訪,,call on,,11,,
535,放,,set free,,8,,
536,激,,violent,,16,,
P-052,兑,"<img class=""rtk-primitive"" src=""mRtK6-P-052-devil.svg""/>",devil,,7,y,
537,脱,,undress,,11,,
538,説,,explanation,,14,,
540,曽,,formerly,,11,,
541,増,,increase,,14,,
543,東,,east,,8,,
P-053,壬,"<img class=""rtk-primitive"" src=""mRtK6-P-053-porter.svg""/>",porter,,4,y,
547,廷,,courts,,7,,
548,染,,dye,,9,,
551,歳,,year-end,,13,,
552,県,,prefecture,,9,,
P-054,也,"<img class=""rtk-primitive"" src=""mRtK6-P-054-scorpion.svg""/>",scorpion,,3,y,
554,地,,ground,,6,,
555,池,,pond,,6,,
556,虫,,insect,,6,,
561,独,,single,,9,,
563.1,䖝,"<img class=""rtk-primitive"" src=""mRtK6-0563.1-gnats.svg""/>",gnats,,7,y,
563,風,,wind,,9,,
564,己,,self,,3,,
565,起,,rouse,,10,,
567,改,,reformation,,7,,
568,記,,scribe,,10,,
569,包,,wrap,,5,,
573,亀,,tortoise,,11,,
573.1,,"<img class=""rtk-primitive"" src=""mRtK6-0573.1-eel.svg""/>",eel,,5,y,
573.2,,"<img class=""rtk-primitive"" src=""mRtK6-0573.2-bucket_of_eels.svg""/>",bucket of eels,,9,y,
574,電,,electricity,,13,,
P-055,豕,"<img class=""rtk-primitive"" src=""mRtK6-P-055-sow.svg""/>",sow,,7,y,
579,遂,,consummate,,12,,
580,家,,house,,10,,
P-056,,"<img class=""rtk-primitive"" src=""mRtK6-P-056-piglets.svg""/>",piglets,,5,y,
P-057,昜,"<img class=""rtk-primitive"" src=""mRtK6-P-057-piggy_bank.svg""/>",piggy bank,,9,y,
584,場,,location,,12,,
585,湯,,hot water,,12,,
586,羊,,sheep,,6,,
586.1,⺷,"<img class=""rtk-primitive"" src=""mRtK6-0586.1-sheep-above.svg""/>",sheep (above),,6,y,
587,美,,beauty,,9,,
588,洋,,ocean,,9,,
589,詳,,detailed,,13,,
591,達,,accomplished,,12,,
P-058,⺶,"<img class=""rtk-primitive"" src=""mRtK6-P-058-wool.svg""/>",wool,,7,y,
593,差,,distinction,,10,,
594,着,,don,,12,,
P-059,隹,"<img class=""rtk-primitive"" src=""mRtK6-P-059-turkey.svg""/>",turkey,,8,y,
595,唯,,solely,,11,,
598,誰,,who?,,15,,
599,焦,,char,,12,,
601,集,,gather,,12,,
603,進,,advance,,11,,
604,雑,,miscellaneous,,14,,
606,準,,semi-,,13,,
608,奪,,rob,,14,,
609.1,隺,"<img class=""rtk-primitive"" src=""mRtK6-0609.1-turkey_coop.svg""/>",turkey coop,,10,y,
609,確,,assurance,,15,,
610,午,,noon,,4,,
611,許,,permit,,11,,
P-060,,"<img class=""rtk-primitive"" src=""mRtK6-P-060-pegasus.svg""/>",pegasus,,11,y,
613,権,,authority,,15,,
614,観,,outlook,,18,,
615,羽,,feathers,,6,,
615.1,,"<img class=""rtk-primitive"" src=""mRtK6-0615.1-wings.svg""/>",wings,,6,y,
616,習,,learn,,11,,
617,翌,,the following,,11,,
618,曜,,weekday,,18,,
P-061,囗,"<img class=""rtk-primitive"" src=""mRtK6-P-061-pent_in.svg""/>",pent in,,3,y,
621,困,,quandary,,7,,
622,固,,harden,,8,,
624,国,,country,,8,,
625,団,,group,,6,,
626,因,,cause,,6,,
629,園,,park,,13,,
630,回,,-times,,6,,
P-062,广,"<img class=""rtk-primitive"" src=""mRtK6-P-062-cave.svg""/>",cave,,3,y,
632,店,,store,,8,,
633,庫,,warehouse,,10,,
634,庭,,courtyard,,10,,
636,床,,bed,,7,,
639,心,,heart,,4,,
639.1,⺖,"<img class=""rtk-primitive"" src=""mRtK6-0639.1-state_of_mind.svg""/>",state of mind,,3,y,
639.2,⺗,"<img class=""rtk-primitive"" src=""mRtK6-0639.2-valentine.svg""/>",valentine,,4,y,
640,忘,,forget,,7,,
642,忍,,endure,,7,,
643,認,,acknowledge,,14,,
645,志,,intention,,7,,
646,誌,,document,,14,,
648,忠,,loyalty,,8,,
651,思,,think,,9,,
653,応,,apply,,7,,
654,意,,idea,,13,,
656,想,,concept,,13,,
657,息,,breath,,10,,
660,恐,,fear,,10,,
661,惑,,beguile,,12,,
662,感,,emotion,,13,,
663,憂,,melancholy,,15,,
665,忙,,busy,,6,,
670,怖,,dreadful,,8,,
672,悔,,repent,,9,,
673,憎,,hate,,14,,
679,憶,,recollection,,16,,
685,必,,invariably,,5,,
687,手,,hand,,4,,
690,我,,ego,,7,,
691,義,,righteousness,,13,,
692,議,,deliberation,,20,,
P-063,扌,"<img class=""rtk-primitive"" src=""mRtK6-P-063-finger.svg""/>",finger,,3,y,
697,抱,,embrace,,8,,
701,批,,criticism,,7,,
705,打,,strike,,5,,
707,捨,,discard,,11,,
711,指,,finger,,9,,
712,持,,hold,,9,,
716,推,,conjecture,,11,,
718,提,,propose,,12,,
721,担,,shouldering,,8,,
722,拠,,foothold,,8,,
723,描,,sketch,,11,,
725,接,,touch,,11,,
727,掛,,hang,,11,,
P-064.1,开,"<img class=""rtk-primitive"" src=""mRtK6-P-064.1-two_hands.svg""/>",two hands,,4,y,
P-064.2,廾,"<img class=""rtk-primitive"" src=""mRtK6-P-064.2-two_hands-bottom.svg""/>",two hands (bottom),,4,y,
729,研,,polish,,9,,
733,鼻,,nose,,14,,
734,刑,,punish,,6,,
735,型,,mould,,9,,
736,才,,genius,,3,,
736.1,,"<img class=""rtk-primitive"" src=""mRtK6-0736.1-genie_in_the_bottle.svg""/>",genie in the bottle,,3,y,
739,存,,suppose,,6,,
740,在,,exist,,6,,
741,乃,,from,,2,,
743,及,,reach out,,3,,
744,吸,,suck,,6,,
745,扱,,handle,,6,,
P-065,,"<img class=""rtk-primitive"" src=""mRtK6-P-065-arm.svg""/>",arm,,2,y,
746,丈,,length,,3,,
747,史,,history,,5,,
748,吏,,officer,,6,,
749,更,,grow late,,7,,
752,又,,or again,,2,,
755,隻,,vessels,,10,,
756,護,,safeguard,,20,,
758,奴,,guy,,5,,
759,怒,,angry,,9,,
760,友,,friend,,4,,
761,抜,,slip out,,7,,
P-066,殳,"<img class=""rtk-primitive"" src=""mRtK6-P-066-missile.svg""/>",missile,,4,y,
762,投,,throw,,7,,
765,設,,establishment,,11,,
766,撃,,beat,,15,,
768,支,,branch,,4,,
769,技,,skill,,7,,
P-067,圣,"<img class=""rtk-primitive"" src=""mRtK6-P-067-spool.svg""/>",spool,,5,y,
773,怪,,suspicious,,8,,
774,軽,,lightly,,12,,
775,叔,,uncle,,8,,
777,寂,,loneliness,,11,,
779,反,,anti-,,4,,
780,坂,,slope,,7,,
781,板,,plank,,8,,
782,返,,return,,7,,
784,爪,,claw,,4,,
784.1,⺤,"<img class=""rtk-primitive"" src=""mRtK6-0784.1-vulture.svg""/>",vulture,,4,y,
P-068,孚,"<img class=""rtk-primitive"" src=""mRtK6-P-068-fledgeling.svg""/>",fledgeling,,7,y,
787,浮,,floating,,10,,
789,将,,leader,,10,,
P-069,,"<img class=""rtk-primitive"" src=""mRtK6-P-069-birdhouse.svg""/>",birdhouse,,6,y,
794,受,,accept,,8,,
796,愛,,love,,13,,
P-070,厶,"<img class=""rtk-primitive"" src=""mRtK6-P-070-elbow.svg""/>",elbow,,2,y,
798,払,,pay,,5,,
799,広,,wide,,5,,
803,弁,,valve,,5,,
804,雄,,male,,12,,
805,台,,pedestal,,5,,
807,治,,reign,,8,,
809,始,,commence,,8,,
811,窓,,window,,11,,
812,去,,gone,,5,,
813,法,,method,,8,,
P-071,,"<img class=""rtk-primitive"" src=""mRtK6-P-071-wall.svg""/>",wall,,3,y,
814,会,,meeting,,6,,
815,至,,climax,,6,,
816,室,,room,,9,,
817,到,,arrival,,8,,
818,致,,doth,,10,,
819,互,,mutually,,4,,
P-072,,"<img class=""rtk-primitive"" src=""mRtK6-P-072-infant.svg""/>",infant,,4,y,
821,育,,bring up,,8,,
823,充,,allot,,6,,
826,流,,current,,10,,
829,出,,exit,,5,,
830,山,,mountain,,3,,
836,崩,,crumble,,11,,
837,密,,secrecy,,11,,
842,入,,enter,,2,,
843,込,,crowded,,5,,
844,分,,part,,4,,
845,貧,,poverty,,11,,
847,公,,public,,4,,
851,谷,,valley,,7,,
853,容,,contain,,10,,
855,欲,,longing,,11,,
P-073,㕣,"<img class=""rtk-primitive"" src=""mRtK6-P-073-gully.svg""/>",gully,,5,y,
P-074,,"<img class=""rtk-primitive"" src=""mRtK6-P-074-outhouse.svg""/>",outhouse,,8,y,
861,堂,,hall,,11,,
862,常,,usual,,11,,
865,皮,,pelt,,5,,
866,波,,waves,,8,,
869,破,,rend,,10,,
870,被,,incur,,10,,
P-075,歹,"<img class=""rtk-primitive"" src=""mRtK6-P-075-bone.svg""/>",bone,,4,y,
871,残,,remainder,,10,,
873,殊,,particularly,,10,,
875,列,,file,,6,,
878,死,,death,,6,,
P-076,舛,"<img class=""rtk-primitive"" src=""mRtK6-P-076-sunglasses.svg""/>",sunglasses,,7,y,
880,瞬,,wink,,18,,
881,耳,,ear,,6,,
882,取,,take,,8,,
883,趣,,gist,,15,,
884,最,,utmost,,12,,
886,恥,,shame,,10,,
887,職,,post,,18,,
888,聖,,holy,,13,,
889,敢,,daring,,12,,
890,聴,,listen,,17,,
891,懐,,pocket,,16,,
P-077,曼,"<img class=""rtk-primitive"" src=""mRtK6-P-077-mandala.svg""/>",mandala,,11,y,
894,買,,buy,,12,,
895,置,,placement,,13,,
899,環,,ring,,17,,
901,夫,,husband,,4,,
904,規,,standard,,11,,
908,失,,lose,,5,,
909,鉄,,iron,,13,,
911,臣,,retainer,,7,,
920,巨,,gigantic,,5,,
922,力,,power,,2,,
923,男,,man,,7,,
924,労,,labor,,7,,
928,勧,,persuade,,13,,
929,努,,toil,,7,,
932,加,,add,,5,,
938,行,,going,,6,,
938.1,彳,"<img class=""rtk-primitive"" src=""mRtK6-0938.1-going.svg""/>",going,,3,y,
940,復,,restore,,12,,
941,得,,gain,,11,,
942,従,,accompany,,10,,
943,徒,,junior,,10,,
944,待,,wait,,9,,
948,彼,,he,,8,,
949,役,,duty,,7,,
950,徳,,benevolence,,14,,
954,微,,delicate,,13,,
955,街,,boulevard,,12,,
P-078,禾,"<img class=""rtk-primitive"" src=""mRtK6-P-078-wheat.svg""/>",wheat,,5,y,
960,程,,extent,,12,,
963,和,,harmony,,8,,
964,移,,shift,,11,,
966,秋,,autumn,,9,,
968,私,,private,,7,,
970,秘,,secret,,10,,
971,称,,appellation,,10,,
972,利,,profit,,7,,
977,香,,incense,,9,,
980,秀,,excel,,7,,
987,米,,rice,,6,,
987.1,⺢,"<img class=""rtk-primitive"" src=""mRtK6-0987.1-grains_of_rice.svg""/>",grains of rice,,5,y,
992,迷,,astray,,9,,
997,奥,,core,,12,,
998,数,,number,,13,,
1000,類,,sort,,18,,
1002,膝,,knee,,15,,
1003,様,,Esq.,,14,,
1004,求,,request,,7,,
1007,竹,,bamboo,,6,,
1008,笑,,laugh,,10,,
1012,筋,,muscle,,12,,
1013,箱,,box,,15,,
1014,筆,,writing brush,,12,,
1016,等,,etc.,,12,,
1017,算,,calculate,,14,,
1018,答,,solution,,12,,
1023,人,,person,,2,,
1023.1,⺅,"<img class=""rtk-primitive"" src=""mRtK6-1023.1-person.svg""/>",person,,2,y,
1027,住,,dwell,,7,,
1028,位,,rank,,7,,
1029,仲,,go-between,,6,,
1030,体,,body,,7,,
1032,件,,affair,,6,,
1033,仕,,attend,,5,,
1034,他,,other,,5,,
1035,伏,,prostrated,,6,,
1036,伝,,transmit,,6,,
1037,仏,,Buddha,,4,,
1038,休,,rest,,6,,
1039,仮,,provisional,,6,,
1042,俗,,vulgar,,9,,
1043,信,,faith,,9,,
1046,例,,example,,8,,
1047,個,,individual,,10,,
1048,健,,healthy,,11,,
1049,側,,side,,11,,
1052,値,,price,,10,,
1055,倒,,overthrow,,10,,
1057,僧,,Buddhist priest,,13,,
1059,儀,,ceremony,,15,,
1062,催,,sponsor,,13,,
1064,侮,,scorn,,8,,
1065,使,,use,,8,,
1066,便,,convenience,,9,,
1067,倍,,double,,10,,
1068,優,,tenderness,,17,,
1070,宿,,inn,,11,,
1071,傷,,wound,,13,,
1072,保,,protect,,9,,
1075,付,,adhere,,5,,
1077,府,,municipality,,8,,
1078,任,,responsibility,,6,,
1080,代,,substitute,,5,,
1083,化,,change,,4,,
1084,花,,flower,,7,,
1086,傾,,lean,,13,,
1087,何,,what,,7,,
1088,荷,,baggage,,10,,
1090,傍,,bystander,,12,,
1091,俺,,myself,,10,,
1092,久,,long time,,3,,
1095,内,,inside,,4,,
1096,丙,,third class,,5,,
1097,柄,,design,,9,,
1098,肉,,meat,,6,,
P-079,从,"<img class=""rtk-primitive"" src=""mRtK6-P-079-assembly_line.svg""/>",assembly line,,4,y,
1100,座,,sit,,10,,
P-080,,"<img class=""rtk-primitive"" src=""mRtK6-P-080-plow.svg""/>",plow,,2,y,
1105,以,,by means of,,5,,
1106,似,,similar,,7,,
P-081,并,"<img class=""rtk-primitive"" src=""mRtK6-P-081-puzzle.svg""/>",puzzle,,6,y,
1110,宮,,Shinto shrine,,10,,
1112,善,,virtuous,,12,,
P-082,ヰ,"<img class=""rtk-primitive"" src=""mRtK6-P-082-sunglasses_half_monocle.svg""/>",sunglasses half monocle,,4,y,
1114,年,,year,,6,,
1115,夜,,night,,8,,
P-083,敝,"<img class=""rtk-primitive"" src=""mRtK6-P-083-shredder.svg""/>",shredder,,12,y,
P-084,,"<img class=""rtk-primitive"" src=""mRtK6-P-084-banner.svg""/>",banner,,6,y,
1126,遊,,play,,12,,
1127.1,,"<img class=""rtk-primitive"" src=""mRtK6-1127.1-rag.svg""/>",rag,,4,y,
1127,旅,,trip,,10,,
1128,勿,,not,,4,,
1129,物,,thing,,8,,
1130,易,,easy,,8,,
P-085,尸,"<img class=""rtk-primitive"" src=""mRtK6-P-085-flag.svg""/>",flag,,3,y,
1138,屋,,roof,,9,,
1139,握,,grip,,12,,
1140,屈,,yield,,8,,
1143,居,,reside,,8,,
1146,層,,stratum,,14,,
1147,局,,bureau,,7,,
1148,遅,,slow,,12,,
1151,尺,,shaku,,4,,
1152,尽,,exhaust,,6,,
1153,沢,,swamp,,7,,
1154,訳,,translate,,11,,
1156,昼,,daytime,,9,,
1157,戸,,door,,4,,
1158,肩,,shoulder,,8,,
1162,戻,,re-,,7,,
1163,涙,,tears,,10,,
1167,示,,show,,5,,
1167.1,⺭,"<img class=""rtk-primitive"" src=""mRtK6-1167.1-altar.svg""/>",altar,,4,y,
1168,礼,,salutation,,5,,
1171,福,,blessing,,13,,
1173,社,,company,,7,,
1174,視,,inspection,,11,,
1181,宗,,religion,,8,,
1183,祭,,ritual,,11,,
1184,察,,guess,,14,,
1186,由,,wherefore,,5,,
1188,油,,oil,,8,,
1194,甲,,armor,,5,,
1195,押,,push,,8,,
1198,申,,speaketh,,5,,
1199,伸,,expand,,7,,
1200,神,,gods,,9,,
1202,果,,fruit,,8,,
1206,斤,,ax,,4,,
1208,所,,place,,8,,
1210,近,,near,,7,,
1211,折,,fold,,7,,
1212,哲,,philosophy,,10,,
1215,斬,,chop off,,11,,
1216,暫,,temporarily,,15,,
1218,断,,severance,,11,,
1219,質,,substance,,15,,
P-086,乍,"<img class=""rtk-primitive"" src=""mRtK6-P-086-saw.svg""/>",saw,,5,y,
1222,昨,,yesterday,,9,,
1224,作,,make,,7,,
P-087.1,彐,"<img class=""rtk-primitive"" src=""mRtK6-P-087.1-broom.svg""/>",broom,,3,y,
P-087.2,,"<img class=""rtk-primitive"" src=""mRtK6-P-087.2-broom-top.svg""/>",broom (top),,3,y,
1225,雪,,snow,,11,,
1228,尋,,inquire,,12,,
1229,急,,hurry,,9,,
1233,寝,,lie down,,13,,
1234,婦,,lady,,11,,
1236,当,,hit,,6,,
P-087.3,⺔,"<img class=""rtk-primitive"" src=""mRtK6-P-087.3-broom-old.svg""/>",broom (old),,3,y,
P-088,⺺,"<img class=""rtk-primitive"" src=""mRtK6-P-088-rake.svg""/>",rake,,4,y,
1238,争,,contend,,6,,
1240,事,,matter,,8,,
P-089,隶,"<img class=""rtk-primitive"" src=""mRtK6-P-089-sieve.svg""/>",sieve,,8,y,
P-090,尹,"<img class=""rtk-primitive"" src=""mRtK6-P-090-mop.svg""/>",mop,,4,y,
1246,君,,old boy,,7,,
1247,群,,flock,,13,,
P-091,而,"<img class=""rtk-primitive"" src=""mRtK6-P-091-comb.svg""/>",comb,,6,y,
1248,耐,,-proof,,9,,
1251,端,,edge,,14,,
P-092,凵,"<img class=""rtk-primitive"" src=""mRtK6-P-092-shovel.svg""/>",shovel,,2,y,
1252,両,,both,,6,,
1253,満,,full,,12,,
1254,画,,brush-stroke,,8,,
1256,曲,,bend,,6,,
1261,斗,,Big Dipper,,4,,
1262,料,,fee,,10,,
1263,科,,department,,9,,
1264,図,,map,,7,,
1265,用,,utilize,,5,,
1267,備,,equip,,12,,
P-093,,"<img class=""rtk-primitive"" src=""mRtK6-P-093-salad.svg""/>",salad,,4,y,
1268,昔,,once upon a time,,8,,
1270,借,,borrow,,10,,
1271,惜,,pity,,11,,
1273,散,,scatter,,12,,
1274,廿,,twenty,,4,,
P-094,,"<img class=""rtk-primitive"" src=""mRtK6-P-094-caverns.svg""/>",caverns,,7,y,
1277,席,,seat,,10,,
1278,度,,degrees,,9,,
1279,渡,,transit,,12,,
P-095,卉,"<img class=""rtk-primitive"" src=""mRtK6-P-095-haystack.svg""/>",haystack,,5,y,
P-096,尭,"<img class=""rtk-primitive"" src=""mRtK6-P-096-straw_man.svg""/>",straw man,,8,y,
1284,焼,,bake,,12,,
1286,半,,half,,5,,
1289,判,,judgment,,7,,
P-097,,"<img class=""rtk-primitive"" src=""mRtK6-P-097-quarter.svg""/>",quarter,,6,y,
1292,巻,,scroll,,9,,
1294,勝,,victory,,12,,
1295,藤,,wisteria,,18,,
1297,片,,one-sided,,4,,
1298,版,,printing block,,8,,
1299,之,,of,,3,,
1301,芝,,turf,,6,,
1302,不,,negative,,4,,
1303,否,,negate,,7,,
1304,杯,,cupfuls,,8,,
1305,矢,,dart,,5,,
1307,族,,tribe,,11,,
1308,知,,know,,8,,
1309,智,,wisdom,,12,,
1311,矛,,halberd,,5,,
1313,務,,task,,11,,
P-098,,"<img class=""rtk-primitive"" src=""mRtK6-P-098-spear.svg""/>",spear,,2,y,
1316,帰,,homecoming,,10,,
1318,引,,pull,,4,,
1320,弘,,vast,,5,,
1321,強,,strong,,11,,
1323,弱,,weak,,10,,
P-099.1,弗,"<img class=""rtk-primitive"" src=""mRtK6-P-099.1-dollar_sign.svg""/>",dollar sign,,5,y,
P-099.2,,"<img class=""rtk-primitive"" src=""mRtK6-P-099.2-dollar_sign-below.svg""/>",dollar sign (below),,5,y,
1327,第,,No.,,11,,
1328,弟,,younger brother,,7,,
P-100,丂,"<img class=""rtk-primitive"" src=""mRtK6-P-100-snare.svg""/>",snare,,2,y,
1330,号,,nickname,,5,,
1334,汚,,dirty,,6,,
P-101,,"<img class=""rtk-primitive"" src=""mRtK6-P-101-slingshot.svg""/>",slingshot,,2,y,
1335,与,,bestow,,3,,
1336,写,,copy,,5,,
1337,身,,somebody,,7,,
1338,射,,shoot,,10,,
1339,謝,,apologize,,17,,
1340,老,,old man,,6,,
1340.1,耂,"<img class=""rtk-primitive"" src=""mRtK6-1340.1-old_man.svg""/>",old man,,4,y,
1341,考,,consider,,6,,
1342,孝,,filial piety,,7,,
1343,教,,teach,,11,,
1345,者,,someone,,8,,
1347,著,,renowned,,11,,
1350,暑,,sultry,,12,,
1351,諸,,various,,15,,
P-102,夹,"<img class=""rtk-primitive"" src=""mRtK6-P-102-scissors.svg""/>",scissors,,6,y,
1358,頬,,cheek,,15,,
P-103,𠂤,"<img class=""rtk-primitive"" src=""mRtK6-P-103-maestro.svg""/>",maestro,,6,y,
1359,追,,chase,,9,,
1361,師,,expert,,10,,
1363,官,,bureaucrat,,8,,
1366,父,,father,,4,,
1368,交,,mingle,,6,,
1369,効,,merit,,8,,
1370,較,,contrast,,13,,
1371,校,,exam,,10,,
1372,足,,leg,,7,,
1375,距,,long-distance,,12,,
1376,路,,path,,13,,
1381,踏,,step,,15,,
1383,骨,,skeleton,,10,,
P-104,咼,"<img class=""rtk-primitive"" src=""mRtK6-P-104-jawbone.svg""/>",jawbone,,9,y,
1389,過,,overdo,,12,,
P-105,⻖,"<img class=""rtk-primitive"" src=""mRtK6-P-105-pinnacle-left.svg""/>",pinnacle (left),,3,y,
1392,際,,occasion,,14,,
1393,障,,hinder,,14,,
1394,隙,,chink,,13,,
1395,随,,follow,,12,,
1397,陽,,sunshine,,12,,
1399,防,,ward off,,7,,
1401,院,,Inst.,,10,,
1403,隊,,regiment,,12,,
1405,降,,descend,,10,,
1406,階,,story,,12,,
1408,隣,,neighboring,,16,,
1410,隠,,conceal,,14,,
1413,穴,,hole,,5,,
1414,空,,empty,,8,,
1416,突,,stab,,8,,
1417,究,,research,,7,,
P-106,㓁,"<img class=""rtk-primitive"" src=""mRtK6-P-106-paper_punch.svg""/>",paper punch,,4,y,
1425,探,,grope,,11,,
1426,深,,deep,,11,,
1427,丘,,hill,,5,,
1429,兵,,soldier,,7,,
1431,糸,,thread,,6,,
1432,織,,weave,,18,,
1438,線,,line,,15,,
1444,緒,,thong,,14,,
1445,続,,continue,,13,,
1446,絵,,picture,,12,,
1447,統,,overall,,12,,
1449,給,,salary,,12,,
1451,結,,tie,,12,,
1452,終,,end,,11,,
1453,級,,class,,9,,
1455,紅,,crimson,,9,,
1456,納,,settlement,,10,,
1460,経,,sutra,,11,,
1462,約,,promise,,9,,
1463,細,,dainty,,11,,
1466,総,,general,,14,,
1470,継,,inherit,,13,,
1472,縁,,affinity,,15,,
1474,緊,,tense,,15,,
P-107,幺,"<img class=""rtk-primitive"" src=""mRtK6-P-107-cocoon.svg""/>",cocoon,,3,y,
1479,後,,behind,,9,,
1481,幾,,how many,,12,,
1482,機,,mechanism,,16,,
1484,玄,,mysterious,,5,,
1492,系,,lineage,,7,,
1493,係,,person in charge,,9,,
P-108,卩,"<img class=""rtk-primitive"" src=""mRtK6-P-108-stamp.svg""/>",stamp,,2,y,
1497,却,,instead,,7,,
1498,脚,,shins,,11,,
1499,卸,,wholesale,,9,,
1500,御,,honorable,,12,,
1501,服,,clothing,,8,,
1502,命,,fate,,8,,
P-109.1,ㄗ,"<img class=""rtk-primitive"" src=""mRtK6-P-109.1-chop_seal.svg""/>",chop seal,,2,y,
P-109.2,マ,"<img class=""rtk-primitive"" src=""mRtK6-P-109.2-chop_seal-small.svg""/>",chop seal (small),,2,y,
1503,令,,orders,,5,,
1506,冷,,cool,,7,,
1507,領,,jurisdiction,,14,,
1509,勇,,courage,,9,,
1511,通,,traffic,,10,,
1513,疑,,doubt,,14,,
P-110,㔾,"<img class=""rtk-primitive"" src=""mRtK6-P-110-fingerprint.svg""/>",fingerprint,,2,y,
1517,犯,,crime,,5,,
1519,厄,,unlucky,,4,,
1520,危,,dangerous,,6,,
P-111,夗,"<img class=""rtk-primitive"" src=""mRtK6-P-111-mailbox.svg""/>",mailbox,,5,y,
1522,腕,,arm,,12,,
P-112.1,,"<img class=""rtk-primitive"" src=""mRtK6-P-112.1-receipt.svg""/>",receipt,,3,y,
P-112.2,,"<img class=""rtk-primitive"" src=""mRtK6-P-112.2-receipt-left.svg""/>",receipt (left),,3,y,
1526,卵,,egg,,7,,
1527,留,,detain,,10,,
P-113,,"<img class=""rtk-primitive"" src=""mRtK6-P-113-staples.svg""/>",staples,,4,y,
1530,印,,stamp,,6,,
1531,臼,,mortar,,6,,
1533,興,,entertain,,16,,
1534,酉,,sign of the bird,,7,,
1535,酒,,sake,,10,,
1539,酷,,cruel,,14,,
1543,酔,,drunk,,11,,
1544,配,,distribute,,10,,
1547,尊,,revered,,12,,
1548,豆,,beans,,7,,
1549,頭,,head,,16,,
1550,短,,short,,12,,
1551,豊,,bountiful,,13,,
P-114,壴,"<img class=""rtk-primitive"" src=""mRtK6-P-114-drum.svg""/>",drum,,9,y,
1553,喜,,rejoice,,12,,
1554,樹,,timber-trees,,16,,
1555,皿,,dish,,5,,
1556,血,,blood,,6,,
1560,温,,warm,,12,,
1567,盛,,boom,,11,,
P-115.2,,"<img class=""rtk-primitive"" src=""mRtK6-P-115.2-silver-left.svg""/>",silver (left),,5,y,
P-115.1,艮,"<img class=""rtk-primitive"" src=""mRtK6-P-115.1-silver.svg""/>",silver,,6,y,
1569,銀,,silver,,14,,
1571,根,,root,,10,,
1572,即,,instant,,7,,
1574,節,,node,,13,,
1575,退,,retreat,,9,,
1576,限,,limit,,9,,
1577,眼,,eyeball,,11,,
1578,良,,good,,7,,
1578.1,,"<img class=""rtk-primitive"" src=""mRtK6-1578.1-halo.svg""/>",halo,,6,y,
1581,娘,,daughter,,10,,
1582,食,,eat,,9,,
1583,飯,,meal,,12,,
1584,飲,,drink,,12,,
1589,館,,Bldg.,,16,,
1591,養,,foster,,15,,
P-116,⺛,"<img class=""rtk-primitive"" src=""mRtK6-P-116-waitress.svg""/>",waitress,,5,y,
1593,既,,previously,,10,,
1594,概,,outline,,14,,
1596,平,,even,,5,,
1597,呼,,call,,8,,
1599,評,,evaluate,,12,,
P-117,㐅,"<img class=""rtk-primitive"" src=""mRtK6-P-117-sheaf.svg""/>",sheaf,,2,y,
1602,希,,hope,,7,,
1603,凶,,villain,,4,,
1604,胸,,bosom,,10,,
1605,離,,detach,,19,,
1607,殺,,kill,,10,,
P-118,屯,"<img class=""rtk-primitive"" src=""mRtK6-P-118-earthworm.svg""/>",earthworm,,4,y,
1609,純,,genuine,,10,,
1612,辛,,spicy,,7,,
P-119,亲,"<img class=""rtk-primitive"" src=""mRtK6-P-119-red_pepper.svg""/>",red pepper,,9,y,
1613,辞,,resign,,13,,
P-120,辟,"<img class=""rtk-primitive"" src=""mRtK6-P-120-ketchup.svg""/>",ketchup,,13,y,
1616,壁,,wall,,16,,
1619,新,,new,,13,,
1621,親,,parent,,16,,
1622,幸,,happiness,,8,,
1625,報,,report,,12,,
P-121,丩,"<img class=""rtk-primitive"" src=""mRtK6-P-121-cornucopia.svg""/>",cornucopia,,2,y,
1626,叫,,shout,,6,,
1628,収,,income,,4,,
P-122,圥,"<img class=""rtk-primitive"" src=""mRtK6-P-122-rice_seedling.svg""/>",rice seedling,,5,y,
1631,陸,,land,,11,,
1633,勢,,forces,,13,,
1634,熱,,heat,,15,,
1637,亥,,sign of the hog,,6,,
1639,刻,,engrave,,8,,
P-123,朮,"<img class=""rtk-primitive"" src=""mRtK6-P-123-resin.svg""/>",resin,,5,y,
1643,述,,mention,,8,,
1644,術,,art,,11,,
P-124,,"<img class=""rtk-primitive"" src=""mRtK6-P-124-celery.svg""/>",celery,,5,y,
1645,寒,,cold,,12,,
P-125,㐮,"<img class=""rtk-primitive"" src=""mRtK6-P-125-grass_skirt.svg""/>",grass skirt,,13,y,
P-126,,"<img class=""rtk-primitive"" src=""mRtK6-P-126-grow_up.svg""/>",grow up,,4,y,
1651,毒,,poison,,8,,
1652,素,,elementary,,10,,
1654,青,,blue,,8,,
1655,精,,refined,,14,,
1657,情,,feelings,,11,,
1658,晴,,clear up,,12,,
1659,清,,pure,,11,,
1660,静,,quiet,,14,,
1661,責,,blame,,11,,
1663,積,,volume,,16,,
1666,表,,surface,,8,,
1671,害,,harm,,10,,
1673,割,,proportion,,12,,
1675,生,,life,,5,,
1676,星,,star,,9,,
1678,姓,,surname,,8,,
1679,性,,sex,,8,,
1681,産,,products,,11,,
P-127.1,丰,"<img class=""rtk-primitive"" src=""mRtK6-P-127.1-bushes.svg""/>",bushes,,4,y,
P-127.2,,"<img class=""rtk-primitive"" src=""mRtK6-P-127.2-bushes-side.svg""/>",bushes (side),,4,y,
P-128,耒,"<img class=""rtk-primitive"" src=""mRtK6-P-128-christmas_tree.svg""/>",christmas tree,,6,y,
P-129,𡗗,"<img class=""rtk-primitive"" src=""mRtK6-P-129-bonsai.svg""/>",bonsai,,5,y,
1690,春,,springtime,,9,,
1694,実,,reality,,8,,
P-130,,"<img class=""rtk-primitive"" src=""mRtK6-P-130-cornstalk.svg""/>",cornstalk,,3,y,
1695,奉,,dedicate,,8,,
1697,棒,,rod,,12,,
P-131,,"<img class=""rtk-primitive"" src=""mRtK6-P-131-cabbage.svg""/>",cabbage,,10,y,
1700,勤,,diligence,,12,,
P-132,𦰩,"<img class=""rtk-primitive"" src=""mRtK6-P-132-scarecrow.svg""/>",scarecrow,,10,y,
1703,難,,difficult,,18,,
P-133,,"<img class=""rtk-primitive"" src=""mRtK6-P-133-silage.svg""/>",silage,,6,y,
1709,乗,,ride,,9,,
1711,今,,now,,4,,
1712,含,,include,,7,,
1715,念,,wish,,8,,
1718,陰,,shade,,11,,
1719,予,,beforehand,,4,,
1722,野,,plains,,11,,
1723,兼,,concurrently,,10,,
1724,嫌,,dislike,,13,,
1728,西,,west,,6,,
1728.1,⻃,"<img class=""rtk-primitive"" src=""mRtK6-1728.1-west.svg""/>",west,,6,y,
1729,価,,value,,8,,
1730,要,,need,,9,,
1731,腰,,loins,,13,,
1739,煙,,smoke,,13,,
1740,南,,south,,9,,
1743,門,,gates,,8,,
1744,問,,question,,11,,
1747,間,,interval,,12,,
1748,闇,,pitch dark,,17,,
1749,簡,,simplicity,,18,,
1750,開,,open,,12,,
1751,閉,,closed,,11,,
1754,聞,,hear,,14,,
1758,倉,,godown,,10,,
1759,創,,genesis,,12,,
1760,非,,un-,,8,,
1763,悲,,sad,,12,,
1764,罪,,guilt,,13,,
1765,輩,,comrade,,15,,
P-134,ユ,"<img class=""rtk-primitive"" src=""mRtK6-P-134-key.svg""/>",key,,2,y,
1767,侯,,marquis,,9,,
1768,喉,,throat,,12,,
P-135,夬,"<img class=""rtk-primitive"" src=""mRtK6-P-135-guillotine.svg""/>",guillotine,,4,y,
1770,決,,decide,,7,,
1771,快,,cheerful,,7,,
P-136,韋,"<img class=""rtk-primitive"" src=""mRtK6-P-136-locket.svg""/>",locket,,10,y,
1772,偉,,admirable,,12,,
1773,違,,difference,,13,,
1775,衛,,defense,,16,,
1777,干,,dry,,3,,
1781,軒,,flats,,10,,
1782,岸,,beach,,8,,
P-137,于,"<img class=""rtk-primitive"" src=""mRtK6-P-137-potato.svg""/>",potato,,3,y,
1786,余,,too much,,7,,
1790,途,,route,,10,,
1793,束,,bundle,,7,,
1794,頼,,trust,,16,,
1799,速,,quick,,10,,
1800,整,,organize,,16,,
P-138,㑒,"<img class=""rtk-primitive"" src=""mRtK6-P-138-awl.svg""/>",awl,,8,y,
1801,剣,,saber,,10,,
1805,重,,heavy,,9,,
1806,動,,move,,11,,
1809,働,,work,,13,,
1810,種,,species,,14,,
P-139,疒,"<img class=""rtk-primitive"" src=""mRtK6-P-139-sickness.svg""/>",sickness,,5,y,
1813,病,,ill,,10,,
1823,疲,,tired,,10,,
1825,痛,,pain,,12,,
1826,癖,,mannerism,,18,,
P-140.1,匚,"<img class=""rtk-primitive"" src=""mRtK6-P-140.1-box.svg""/>",box,,2,y,
P-140.2,,"<img class=""rtk-primitive"" src=""mRtK6-P-140.2-box-small.svg""/>",box (small),,2,y,
1829,医,,doctor,,7,,
1830,匹,,equal,,4,,
1831,区,,ward,,4,,
1835,抑,,repress,,7,,
1836,仰,,faceup,,6,,
1837,迎,,welcome,,7,,
P-141,癶,"<img class=""rtk-primitive"" src=""mRtK6-P-141-teepee.svg""/>",teepee,,5,y,
1838,登,,ascend,,12,,
1840,発,,discharge,,9,,
P-142,尞,"<img class=""rtk-primitive"" src=""mRtK6-P-142-pup_tent.svg""/>",pup tent,,12,y,
P-143,彡,"<img class=""rtk-primitive"" src=""mRtK6-P-143-shape.svg""/>",shape,,3,y,
1847,形,,shape,,7,,
1848,影,,shadow,,15,,
1852,彦,,lad,,9,,
1853,顔,,face,,18,,
1856,参,,visit,,8,,
1858,修,,discipline,,10,,
1859,珍,,rare,,9,,
1861,文,,sentence,,4,,
1862,対,,vis-a-vis,,7,,
P-144,,"<img class=""rtk-primitive"" src=""mRtK6-P-144-fenceposts.svg""/>",fenceposts,,2,y,
1866,斉,,adjusted,,8,,
1868,済,,finish,,11,,
P-145,,"<img class=""rtk-primitive"" src=""mRtK6-P-145-sparkler.svg""/>",sparkler,,4,y,
1872,楽,,music,,13,,
1873,薬,,medicine,,16,,
1877,央,,center,,5,,
1878,英,,England,,8,,
1879,映,,reflect,,9,,
1880,赤,,red,,7,,
1880.1,亦,"<img class=""rtk-primitive"" src=""mRtK6-1880.1-apple.svg""/>",apple,,6,y,
1882,変,,unusual,,9,,
1883,跡,,tracks,,13,,
1885,恋,,romance,,10,,
1887,黄,,yellow,,11,,
1888,横,,sideways,,15,,
P-146,巴,"<img class=""rtk-primitive"" src=""mRtK6-P-146-mosaic.svg""/>",mosaic,,4,y,
1890,色,,color,,6,,
1891,絶,,discontinue,,12,,
1894,甘,,sweet,,5,,
P-147,其,"<img class=""rtk-primitive"" src=""mRtK6-P-147-bushel_basket.svg""/>",bushel basket,,8,y,
1902,期,,period,,12,,
1904,基,,fundamentals,,11,,
1905,甚,,tremendously,,9,,
1907,堪,,withstand,,12,,
P-148,,"<img class=""rtk-primitive"" src=""mRtK6-P-148-purse.svg""/>",purse,,5,y,
1908,貴,,precious,,12,,
1909,遺,,bequeath,,15,,
1910,遣,,dispatch,,13,,
1912,舞,,dance,,15,,
1912.1,,"<img class=""rtk-primitive"" src=""mRtK6-1912.1-oaken_tub.svg""/>",oaken tub,,6,y,
1913,無,,nothingness,,12,,
P-149,且,"<img class=""rtk-primitive"" src=""mRtK6-P-149-shelf.svg""/>",shelf,,5,y,
1914,組,,association,,11,,
1921,助,,help,,7,,
1924,並,,row,,8,,
1924.1,业,"<img class=""rtk-primitive"" src=""mRtK6-1924.1-row-bottom.svg""/>",row (bottom),,5,y,
1924.2,,"<img class=""rtk-primitive"" src=""mRtK6-1924.2-in_a_row_upside_down.svg""/>",in a row upside down,,9,y,
1925,普,,universal,,12,,
1930,霊,,spirits,,15,,
1931,業,,profession,,13,,
1933,僕,,me,,14,,
1934,共,,together,,6,,
1935,供,,submit,,8,,
1936,異,,uncommon,,11,,
1941,暴,,outburst,,15,,
1944,選,,elect,,15,,
1945,殿,,Mr.,,13,,
1946,井,,well,,4,,
1948,囲,,surround,,7,,
1950,亜,,Asia,,7,,
1951,悪,,bad,,11,,
1952,円,,circle,,4,,
1953,角,,angle,,7,,
1954,触,,contact,,13,,
1955,解,,unravel,,13,,
1956,再,,again,,6,,
P-150,冓,"<img class=""rtk-primitive"" src=""mRtK6-P-150-funnel.svg""/>",funnel,,10,y,
1957,講,,lecture,,17,,
1959,構,,posture,,14,,
P-151,,"<img class=""rtk-primitive"" src=""mRtK6-P-151-scrapbook.svg""/>",scrapbook,,5,y,
1961,論,,argument,,15,,
1963,輪,,wheel,,15,,
1970,氏,,family name,,4,,
1971,紙,,paper,,10,,
1972,婚,,marriage,,11,,
P-152,氐,"<img class=""rtk-primitive"" src=""mRtK6-P-152-calling_card.svg""/>",calling card,,5,y,
1973,低,,lower,,7,,
1975,底,,bottom,,8,,
1976,民,,people,,5,,
1977,眠,,sleep,,10,,
P-153,甫,"<img class=""rtk-primitive"" src=""mRtK6-P-153-dog_tag.svg""/>",dog tag,,7,y,
1978,捕,,catch,,10,,
P-154,⻏,"<img class=""rtk-primitive"" src=""mRtK6-P-154-city_walls-right.svg""/>",city walls (right),,3,y,
1988,部,,section,,11,,
1989,都,,metropolis,,11,,
1992,那,,interrogative,,7,,
1993,郷,,hometown,,11,,
1994,響,,echo,,20,,
1995,郎,,son,,9,,
P-155.1,⺁,"<img class=""rtk-primitive"" src=""mRtK6-P-155.1-drag.svg""/>",drag,,2,y,
P-155.2,,"<img class=""rtk-primitive"" src=""mRtK6-P-155.2-drag-bottom.svg""/>",drag (bottom),,2,y,
1999,派,,faction,,9,,
2001,衆,,masses,,12,,
2003.1,,"<img class=""rtk-primitive"" src=""mRtK6-2003.1-staple_gun.svg""/>",staple gun,,5,y,
2003,段,,grade,,9,,
P-156,,"<img class=""rtk-primitive"" src=""mRtK6-P-156-clothes_hanger.svg""/>",clothes hanger,,1,y,
2012,舟,,boat,,6,,
2016,般,,carrier,,10,,
2019,船,,ship,,11,,
2026,益,,benefit,,10,,
2027,暇,,spare time,,13,,
2028,敷,,spread,,15,,
2029,来,,come,,7,,
2030,気,,spirit,,6,,
2032,飛,,fly,,9,,
2033,沈,,sink,,7,,
2035,妻,,wife,,8,,
2036,凄,,nifty,,10,,
2039,面,,mask,,9,,
2044,声,,voice,,7,,
2046,呉,,give,,7,,
2050,承,,acquiesce,,8,,
2052,極,,poles,,12,,
2053,牙,,tusk,,5,,
2055,邪,,wicked,,8,,
P-157,釆,"<img class=""rtk-primitive"" src=""mRtK6-P-157-animal_tracks.svg""/>",animal tracks,,7,y,
2058,番,,turn,,12,,
2062,毛,,fur,,4,,
2064,尾,,tail,,7,,
P-158,乇,"<img class=""rtk-primitive"" src=""mRtK6-P-158-lock_of_hair.svg""/>",lock of hair,,3,y,
2065,宅,,home,,6,,
P-159,,"<img class=""rtk-primitive"" src=""mRtK6-P-159-tail_feathers.svg""/>",tail feathers,,5,y,
2067,為,,do,,9,,
P-160,,"<img class=""rtk-primitive"" src=""mRtK6-P-160-hairpin.svg""/>",hairpin,,4,y,
2070,長,,long,,8,,
2070.2,,"<img class=""rtk-primitive"" src=""mRtK6-2070.2-mane.svg""/>",mane,,5,y,
2070.1,镸,"<img class=""rtk-primitive"" src=""mRtK6-2070.1-hair.svg""/>",hair,,7,y,
2071,張,,lengthen,,11,,
2074,髪,,hair of the head,,14,,
2075,展,,unfold,,10,,
P-161,⺍,"<img class=""rtk-primitive"" src=""mRtK6-P-161-owl.svg""/>",owl,,3,y,
2078,単,,simple,,9,,
2079,戦,,war,,13,,
2084,脳,,brain,,11,,
2085,悩,,trouble,,10,,
2086,厳,,stern,,17,,
2088,挙,,raise,,10,,
2091,鳥,,bird,,11,,
2092,鳴,,chirp,,14,,
2098,島,,island,,10,,
P-162,爰,"<img class=""rtk-primitive"" src=""mRtK6-P-162-migrating_ducks.svg""/>",migrating ducks,,9,y,
2105.1,禺,"<img class=""rtk-primitive"" src=""mRtK6-2105.1-talking_cricket.svg""/>",talking cricket,,9,y,
2108,隅,,corner,,12,,
P-163,屰,"<img class=""rtk-primitive"" src=""mRtK6-P-163-mountain_goat.svg""/>",mountain goat,,6,y,
2109,逆,,inverted,,9,,
P-164,,"<img class=""rtk-primitive"" src=""mRtK6-P-164-condor.svg""/>",condor,,9,y,
2121,就,,concerning,,12,,
P-165,⾘,"<img class=""rtk-primitive"" src=""mRtK6-P-165-skunk.svg""/>",skunk,,7,y,
2126,免,,excuse,,8,,
2128,晩,,nightfall,,12,,
2129,勉,,exertion,,10,,
2130,象,,elephant,,12,,
2131,像,,statue,,14,,
2132,馬,,horse,,10,,
2134,験,,verification,,18,,
2138,駅,,station,,14,,
2139,騒,,boisterous,,18,,
2140,駄,,burdensome,,14,,
2141,驚,,wonder,,22,,
2145,虎,,tiger,,8,,
2145.1,⾌,"<img class=""rtk-primitive"" src=""mRtK6-2145.1-tiger.svg""/>",tiger,,6,y,
2148,虚,,void,,11,,
2149,戯,,frolic,,15,,
2151,慮,,prudence,,15,,
2152,劇,,drama,,15,,
2154,鹿,,deer,,11,,
2154.1,,"<img class=""rtk-primitive"" src=""mRtK6-2154.1-deer.svg""/>",deer,,7,y,
2158,麗,,lovely,,19,,
2160,能,,ability,,10,,
2161,態,,attitude,,14,,
2162,寅,,sign of the tiger,,11,,
2163,演,,performance,,14,,
2164,辰,,sign of the dragon,,7,,
2167,振,,shake,,10,,
2170,農,,agriculture,,13,,
P-166,关,"<img class=""rtk-primitive"" src=""mRtK6-P-166-golden_calf.svg""/>",golden calf,,6,y,
2172,送,,send off,,9,,
2173,関,,connection,,14,,
2175,鬼,,ghost,,10,,
2177,魂,,soul,,14,,
2178,魔,,witch,,21,,
2189,屯,,barracks,,4,,
2190,且,,moreover,,5,,
2234,或,,a  (a certain),,8,,
2236,也,,est,,3,,
2237,巴,,comma-design,,4,,
2238,疋,,critters,,5,,
2241,云,,quote,,4,,
2242,莫,,shalt,,10,,
2243,而,,and then,,6,,
2534,肋,,rib,,6,,
2667,妾,,concubine,,8,,
2861,坐,,sitting in meditation,,7,,
