1,一,,one,,1,,
2,二,,two,,2,,
3,三,,three,,3,,
4,四,,four,,5,,
5,五,,five,,4,,
6,六,,six,,4,,
7,七,,seven,,2,,
8,八,,eight,,2,,
9,九,,nine,,2,,
10,十,,ten,,2,,
11,口,,mouth,,3,,
12,日,,day,,4,,
13,月,,month,,4,,
14,田,,rice field,,5,,
15,目,,eye,,5,,
15.1,⺫,"<img class=""rtk-primitive"" src=""mRtK6-0015.1-eye.svg""/>",eye,,5,y,
16,古,,old,,5,,
17,吾,,I,,7,,
18,冒,,risk,,9,,
19,朋,,companion,,8,,
20,明,,bright,,8,,
21,唱,,chant,,11,,
22,晶,,sparkle,,12,,
23,品,,goods,,9,,
24,呂,,spine,,7,,
25,昌,,prosperous,,8,,
26,早,,early,,6,,
27,旭,,rising sun,,6,,
28,世,,generation,,5,,
29,胃,,stomach,,9,,
30,旦,,nightbreak,,5,,
31,胆,,gall bladder,,9,,
32,亘,,span,,6,,
33,凹,,concave,,5,,
34,凸,,convex,,5,,
P-001,丨,"<img class=""rtk-primitive"" src=""mRtK6-P-001-walking_stick.svg""/>",walking stick,,1,y,
P-002,丶,"<img class=""rtk-primitive"" src=""mRtK6-P-002-a_drop_of.svg""/>",a drop of,,1,y,
35,旧,,olden times,,5,,
36,自,,oneself,,6,,
37,白,,white,,5,,
38,百,,hundred,,6,,
39,中,,in,,4,,
40,千,,thousand,,3,,
41,舌,,tongue,,6,,
42,升,,measuring box,,4,,
43,昇,,rise up,,8,,
44,丸,,round,,3,,
45,寸,,measurement,,3,,
46,肘,,elbow,,7,,
47,専,,specialty,,9,,
48,博,,Dr.,,12,,
P-003,⼘,"<img class=""rtk-primitive"" src=""mRtK6-P-003-divining_rod.svg""/>",divining rod,,2,y,
48.1,尃,"<img class=""rtk-primitive"" src=""mRtK6-0048.1-acupuncturist.svg""/>",acupuncturist,,10,y,
49,占,,fortune-telling,,5,,
50,上,,above,,3,,
51,下,,below,,3,,
52,卓,,eminent,,8,,
P-004,𠦝,"<img class=""rtk-primitive"" src=""mRtK6-P-004-mist.svg""/>",mist,,8,y,
53,朝,,morning,,12,,
54,嘲,,derision,,15,,
P-005,ハ,"<img class=""rtk-primitive"" src=""mRtK6-P-005-animal_legs.svg""/>",animal legs,,2,y,
P-006,儿,"<img class=""rtk-primitive"" src=""mRtK6-P-006-human_legs.svg""/>",human legs,,2,y,
P-007,几,"<img class=""rtk-primitive"" src=""mRtK6-P-007-wind.svg""/>",wind,,2,y,
P-008.1,勹,"<img class=""rtk-primitive"" src=""mRtK6-P-008.1-bound_up.svg""/>",bound up,,2,y,
P-008.2,⺈,"<img class=""rtk-primitive"" src=""mRtK6-P-008.2-bound_up-small.svg""/>",bound up (small),,2,y,
P-009,丷,"<img class=""rtk-primitive"" src=""mRtK6-P-009-horns.svg""/>",horns,,2,y,
55,只,,only,,5,,
56,貝,,shellfish,,7,,
57,唄,,pop song,,10,,
58,貞,,upright,,9,,
59,員,,employee,,10,,
60,貼,,post a bill,,12,,
61,見,,see,,7,,
62,児,,newborn babe,,7,,
63,元,,beginning,,4,,
64,頁,,page,,9,,
65,頑,,stubborn,,13,,
66,凡,,mediocre,,3,,
67,負,,defeat,,9,,
68,万,,ten thousand,,3,,
69,句,,phrase,,5,,
70,肌,,texture,,6,,
71,旬,,decameron,,6,,
72,勺,,ladle,,3,,
73,的,,bull's eye,,8,,
74,首,,neck,,9,,
75,乙,,fish guts,,1,,
75.2,,"<img class=""rtk-primitive"" src=""mRtK6-0075.2-hook-bottom.svg""/>",hook (bottom),,1,y,
75.1,⺃,"<img class=""rtk-primitive"" src=""mRtK6-0075.1-hook-right.svg""/>",hook (right),,1,y,
76,乱,,riot,,7,,
77,直,,straightaway,,8,,
P-010,,"<img class=""rtk-primitive"" src=""mRtK6-P-010-tool.svg""/>",tool,,3,y,
78,具,,tool,,8,,
79,真,,true,,10,,
P-011,,"<img class=""rtk-primitive"" src=""mRtK6-P-011-by_ones_side.svg""/>",by ones side,,2,y,
80,工,,craft,,3,,
81,左,,left,,5,,
82,右,,right,,5,,
83,有,,possess,,6,,
84,賄,,bribe,,13,,
85,貢,,tribute,,10,,
86,項,,paragraph,,12,,
87,刀,,sword,,2,,
87.1,⺉,"<img class=""rtk-primitive"" src=""mRtK6-0087.1-saber.svg""/>",saber,,2,y,
88,刃,,blade,,3,,
89,切,,cut,,4,,
90,召,,seduce,,5,,
91,昭,,shining,,9,,
92,則,,rule,,9,,
P-012,畐,"<img class=""rtk-primitive"" src=""mRtK6-P-012-wealth.svg""/>",wealth,,9,y,
93,副,,vice-,,11,,
94,別,,separate,,7,,
95,丁,,street,,2,,
96,町,,town,,7,,
97,可,,can,,5,,
98,頂,,place on the head,,11,,
99,子,,child,,3,,
100,孔,,cavity,,4,,
101,了,,complete,,2,,
102,女,,woman,,3,,
103,好,,fond,,6,,
104,如,,likeness,,6,,
105,母,,mama,,5,,
105.1,⽏,"<img class=""rtk-primitive"" src=""mRtK6-0105.1-mama.svg""/>",mama,,4,y,
105.2,,"<img class=""rtk-primitive"" src=""mRtK6-0105.2-mama-top.svg""/>",mama (top),,4,y,
106,貫,,pierce,,11,,
107,兄,,elder brother,,5,,
108,呪,,curse,,8,,
109,克,,overcome,,7,,
110,小,,little,,3,,
110.1,⺌,"<img class=""rtk-primitive"" src=""mRtK6-0110.1-little-top.svg""/>",little (top),,3,y,
111,少,,few,,4,,
112,大,,large,,3,,
113,多,,many,,6,,
114,夕,,evening,,3,,
115,汐,,eventide,,6,,
116,外,,outside,,5,,
117,名,,name,,6,,
P-013,厂,"<img class=""rtk-primitive"" src=""mRtK6-P-013-cliff.svg""/>",cliff,,2,y,
118,石,,stone,,5,,
119,肖,,resemblance,,7,,
120,硝,,nitrate,,12,,
121,砕,,smash,,9,,
122,砂,,sand,,9,,
123,妬,,jealous,,8,,
124,削,,plane,,9,,
125,光,,ray,,6,,
126,太,,plump,,4,,
127,器,,utensil,,15,,
128,臭,,stinking,,9,,
129,嗅,,sniff,,13,,
130,妙,,exquisite,,7,,
131,省,,focus,,9,,
132,厚,,thick,,9,,
133,奇,,strange,,8,,
134,川,,stream,,3,,
134.1,⼮,"<img class=""rtk-primitive"" src=""mRtK6-0134.1-flood-top.svg""/>",flood (top),,3,y,
134.2,,"<img class=""rtk-primitive"" src=""mRtK6-0134.2-flood-bottom.svg""/>",flood (bottom),,3,y,
135,州,,state,,6,,
136,順,,obey,,12,,
137,水,,water,,4,,
137.1,⺡,"<img class=""rtk-primitive"" src=""mRtK6-0137.1-water.svg""/>",water,,3,y,
138,氷,,icicle,,5,,
139,永,,eternity,,5,,
140,泉,,spring,,9,,
140.1,,"<img class=""rtk-primitive"" src=""mRtK6-0140.1-spring.svg""/>",spring,,8,y,
141,腺,,gland,,13,,
142,原,,meadow,,10,,
143,願,,petition,,19,,
144,泳,,swim,,8,,
145,沼,,marsh,,8,,
146,沖,,open sea,,7,,
147,汎,,pan-,,6,,
148,江,,creek,,6,,
149,汰,,cleanse,,7,,
150,汁,,soup,,5,,
151,沙,,grains of sand,,7,,
152,潮,,tide,,15,,
153,源,,source,,13,,
154,活,,lively,,9,,
155,消,,extinguish,,10,,
156,況,,but of course,,8,,
157,河,,river,,8,,
158,泊,,overnight,,8,,
159,湖,,lake,,12,,
160,測,,fathom,,12,,
161,土,,soil,,3,,
162,吐,,spit,,6,,
163,圧,,pressure,,5,,
164,埼,,cape,,11,,
165,垣,,hedge,,9,,
166,填,,inlay,,13,,
167,圭,,squared jewel,,6,,
168,封,,seal,,9,,
169,涯,,horizon,,11,,
170,寺,,Buddhist temple,,6,,
171,時,,time,,10,,
172,均,,level,,7,,
173,火,,fire,,4,,
173.1,⺣,"<img class=""rtk-primitive"" src=""mRtK6-0173.1-fire.svg""/>",fire,,4,y,
174,炎,,inflammation,,8,,
175,煩,,anxiety,,13,,
176,淡,,thin,,11,,
177,灯,,lamp,,6,,
178,畑,,farm,,9,,
179,災,,disaster,,7,,
180,灰,,ashes,,6,,
181,点,,spot,,9,,
182,照,,illuminate,,13,,
183,魚,,fish,,11,,
184,漁,,fishing,,14,,
185,里,,ri,,7,,
186,黒,,black,,11,,
187,墨,,black ink,,14,,
188,鯉,,carp,,18,,
189,量,,quantity,,12,,
190,厘,,rin,,9,,
191,埋,,bury,,10,,
P-014,冂,"<img class=""rtk-primitive"" src=""mRtK6-P-014-hood.svg""/>",hood,,2,y,
192,同,,same,,6,,
193,洞,,den,,9,,
194,胴,,trunk,,10,,
195,向,,yonder,,6,,
196,尚,,esteem,,8,,
P-015,宀,"<img class=""rtk-primitive"" src=""mRtK6-P-015-house.svg""/>",house,,3,y,
197,字,,character,,6,,
198,守,,guard,,6,,
199,完,,perfect,,7,,
200,宣,,proclaim,,9,,
201,宵,,wee hours,,10,,
202,安,,relax,,6,,
203,宴,,banquet,,10,,
204,寄,,draw near,,11,,
205,富,,wealth,,12,,
206,貯,,savings,,12,,
207,木,,tree,,4,,
207.1,ホ,"<img class=""rtk-primitive"" src=""mRtK6-0207.1-pole.svg""/>",pole,,4,y,
208,林,,grove,,8,,
209,森,,forest,,12,,
210,桂,,Japanese Judas-tree,,10,,
211,柏,,oak,,9,,
212,枠,,frame,,8,,
213,梢,,treetops,,11,,
214,棚,,shelf,,12,,
215,杏,,apricot,,7,,
216,桐,,paulownia,,10,,
217,植,,plant,,12,,
218,椅,,chair,,12,,
219,枯,,wither,,9,,
220,朴,,crude,,6,,
221,村,,village,,7,,
222,相,,inter-,,9,,
223,机,,desk,,6,,
224,本,,book,,5,,
225,札,,tag,,5,,
226,暦,,calendar,,14,,
227,案,,plan,,10,,
228,燥,,parch,,17,,
229,未,,not yet,,5,,
230,昧,,obscure,,9,,
231,末,,extremity,,5,,
232,沫,,splash,,8,,
233,味,,flavor,,8,,
234,妹,,younger sister,,8,,
235,朱,,vermilion,,6,,
236,株,,stocks,,10,,
P-016,艹,"<img class=""rtk-primitive"" src=""mRtK6-P-016-flower.svg""/>",flower,,3,y,
237,若,,young,,8,,
238,草,,grass,,9,,
239,苦,,suffering,,8,,
240,苛,,bullying,,8,,
241,寛,,tolerant,,13,,
242,薄,,dilute,,16,,
243,葉,,leaf,,12,,
P-017,莫,"<img class=""rtk-primitive"" src=""mRtK6-P-017-graveyard.svg""/>",graveyard,,10,y,
244,模,,imitation,,14,,
245,漠,,vague,,13,,
246,墓,,grave,,13,,
247,暮,,livelihood,,14,,
248,膜,,membrane,,14,,
249,苗,,seedling,,8,,
250,兆,,portent,,6,,
250.1,⺦,"<img class=""rtk-primitive"" src=""mRtK6-0250.1-turtle.svg""/>",turtle,,3,y,
251,桃,,peach tree,,10,,
252,眺,,stare,,11,,
253,犬,,dog,,4,,
253.1,⺨,"<img class=""rtk-primitive"" src=""mRtK6-0253.1-pack_of_wild_dogs.svg""/>",pack of wild dogs,,3,y,
254,状,,status quo,,7,,
255,黙,,silence,,15,,
256,然,,sort of thing,,12,,
257,荻,,reed,,10,,
258,狩,,hunt,,9,,
259,猫,,cat,,11,,
260,牛,,cow,,4,,
260.1,⺧,"<img class=""rtk-primitive"" src=""mRtK6-0260.1-cow-top.svg""/>",cow (top),,4,y,
260.2,牜,"<img class=""rtk-primitive"" src=""mRtK6-0260.2-cow-left.svg""/>",cow (left),,4,y,
261,特,,special,,10,,
262,告,,revelation,,7,,
263,先,,before,,6,,
264,洗,,wash,,9,,
P-018,𠆢,"<img class=""rtk-primitive"" src=""mRtK6-P-018-umbrella.svg""/>",umbrella,,2,y,
265,介,,jammed in,,4,,
266,界,,world,,9,,
267,茶,,tea,,9,,
268,脊,,spinal column,,10,,
P-019,,"<img class=""rtk-primitive"" src=""mRtK6-P-019-meeting.svg""/>",meeting,,3,y,
269,合,,fit,,6,,
270,塔,,pagoda,,12,,
271,王,,king,,4,,
272,玉,,jewel,,5,,
273,宝,,treasure,,8,,
274,珠,,pearl,,10,,
275,現,,present,,11,,
276,玩,,toy,,8,,
277,狂,,lunatic,,7,,
278,旺,,effulgent,,8,,
279,皇,,emperor,,9,,
280,呈,,display,,7,,
281,全,,whole,,6,,
282,栓,,plug,,10,,
283,理,,logic,,11,,
284,主,,lord,,5,,
285,注,,pour,,8,,
286,柱,,pillar,,9,,
287,金,,gold,,8,,
288,銑,,pig iron,,14,,
289,鉢,,bowl,,13,,
290,銅,,copper,,14,,
291,釣,,angling,,11,,
292,針,,needle,,10,,
293,銘,,inscription,,14,,
294,鎮,,tranquillize,,18,,
P-020,⻌,"<img class=""rtk-primitive"" src=""mRtK6-P-020-road.svg""/>",road,,3,y,
295,道,,road-way,,12,,
296,導,,guidance,,15,,
297,辻,,crossing,,5,,
298,迅,,swift,,6,,
299,造,,create,,10,,
300,迫,,urge,,8,,
301,逃,,escape,,9,,
302,辺,,environs,,5,,
303,巡,,patrol,,6,,
304,車,,car,,7,,
305,連,,take along,,10,,
306,軌,,rut,,9,,
306.1,刖,"<img class=""rtk-primitive"" src=""mRtK6-0306.1-butcher.svg""/>",butcher,,6,y,
307,輸,,transport,,16,,
308,喩,,metaphor,,12,,
309,前,,in front,,9,,
310,煎,,roast,,13,,
P-021,夂,"<img class=""rtk-primitive"" src=""mRtK6-P-021-walking_legs.svg""/>",walking legs,,3,y,
311,各,,each,,6,,
312,格,,status,,10,,
313,賂,,graft,,13,,
314,略,,abbreviation,,11,,
315,客,,guest,,9,,
316,額,,forehead,,18,,
317,夏,,summer,,10,,
318,処,,dispose,,5,,
319,条,,twig,,7,,
320,落,,fall,,12,,
P-022,冖,"<img class=""rtk-primitive"" src=""mRtK6-P-022-crown.svg""/>",crown,,2,y,
321,冗,,superfluous,,4,,
322,冥,,Hades,,10,,
323,軍,,army,,9,,
324,輝,,radiance,,15,,
325,運,,carry,,12,,
326,冠,,crown,,9,,
327,夢,,dream,,13,,
P-023,亠,"<img class=""rtk-primitive"" src=""mRtK6-P-023-top_hat.svg""/>",top hat,,2,y,
P-024,亢,"<img class=""rtk-primitive"" src=""mRtK6-P-024-whirlwind.svg""/>",whirlwind,,4,y,
328,坑,,pit,,7,,
329,高,,tall,,10,,
329.1,,"<img class=""rtk-primitive"" src=""mRtK6-0329.1-tall.svg""/>",tall,,5,y,
330,享,,receive,,8,,
331,塾,,cram school,,14,,
332,熟,,mellow,,15,,
333,亭,,pavilion,,9,,
334,京,,capital,,8,,
335,涼,,refreshing,,11,,
336,景,,scenery,,12,,
337,鯨,,whale,,19,,
P-025,𠮷,"<img class=""rtk-primitive"" src=""mRtK6-P-025-lidded_crock.svg""/>",lidded crock,,6,y,
338,舎,,cottage,,8,,
339,周,,circumference,,8,,
340,週,,week,,11,,
341,士,,gentleman,,3,,
342,吉,,good luck,,6,,
343,壮,,robust,,6,,
344,荘,,villa,,9,,
345,売,,sell,,7,,
P-026,,"<img class=""rtk-primitive"" src=""mRtK6-P-026-schoolhouse.svg""/>",schoolhouse,,5,y,
346,学,,study,,8,,
347,覚,,memorize,,12,,
348,栄,,flourish,,9,,
P-027.1,⾀,"<img class=""rtk-primitive"" src=""mRtK6-P-027.1-brush.svg""/>",brush,,6,y,
P-027.2,⺻,"<img class=""rtk-primitive"" src=""mRtK6-P-027.2-brush-top.svg""/>",brush (top),,6,y,
349,書,,write,,10,,
350,津,,haven,,9,,
P-028,攵,"<img class=""rtk-primitive"" src=""mRtK6-P-028-taskmaster.svg""/>",taskmaster,,4,y,
351,牧,,breed,,8,,
352,攻,,aggression,,7,,
353,敗,,failure,,11,,
354,枚,,a sheet of,,8,,
355,故,,happenstance,,9,,
356,敬,,awe,,12,,
357,言,,say,,7,,
358,警,,admonish,,19,,
359,計,,plot,,9,,
360,詮,,elucidate,,13,,
361,獄,,prison,,14,,
362,訂,,revise,,9,,
363,訃,,obituary,,9,,
364,討,,chastise,,10,,
365,訓,,instruction,,10,,
366,詔,,imperial edict,,12,,
367,詰,,packed,,13,,
368,話,,tale,,13,,
369,詠,,recitation,,12,,
370,詩,,poem,,13,,
371,語,,word,,14,,
372,読,,read,,14,,
373,調,,tune,,15,,
374,談,,discuss,,15,,
375,諾,,consent,,15,,
376,諭,,rebuke,,16,,
P-029,弋,"<img class=""rtk-primitive"" src=""mRtK6-P-029-arrow.svg""/>",arrow,,3,y,
377,式,,style,,6,,
378,試,,test,,13,,
P-030,,"<img class=""rtk-primitive"" src=""mRtK6-P-030-quiver.svg""/>",quiver,,4,y,
379,弐,,II (two),,6,,
P-031,戈,"<img class=""rtk-primitive"" src=""mRtK6-P-031-fiesta.svg""/>",fiesta,,4,y,
380,域,,range,,11,,
381,賊,,burglar,,13,,
P-032,𢦏,"<img class=""rtk-primitive"" src=""mRtK6-P-032-thanksgiving.svg""/>",thanksgiving,,6,y,
382,栽,,plantation,,10,,
383,載,,load,,13,,
P-033,戊,"<img class=""rtk-primitive"" src=""mRtK6-P-033-parade.svg""/>",parade,,5,y,
384,茂,,overgrown,,8,,
385,戚,,relatives,,11,,
386,成,,turn into,,6,,
387,城,,castle,,9,,
388,誠,,sincerity,,13,,
P-034,戌,"<img class=""rtk-primitive"" src=""mRtK6-P-034-march.svg""/>",march,,6,y,
389,威,,intimidate,,9,,
390,滅,,destroy,,13,,
391,減,,dwindle,,12,,
392,蔑,,revile,,14,,
P-035,㦮,"<img class=""rtk-primitive"" src=""mRtK6-P-035-float.svg""/>",float,,6,y,
393,桟,,scaffold,,10,,
394,銭,,coin,,14,,
395,浅,,shallow,,9,,
396,止,,stop,,4,,
397,歩,,walk,,8,,
398,渉,,ford,,11,,
399,頻,,repeatedly,,17,,
400,肯,,agreement,,8,,
401,企,,undertake,,6,,
402,歴,,curriculum,,14,,
403,武,,warrior,,8,,
404,賦,,levy,,15,,
405,正,,correct,,5,,
406,証,,evidence,,12,,
407,政,,politics,,9,,
P-036,,"<img class=""rtk-primitive"" src=""mRtK6-P-036-mending.svg""/>",mending,,5,y,
408,定,,determine,,8,,
409,錠,,lock,,16,,
410,走,,run,,7,,
411,超,,transcend,,12,,
412,赴,,proceed,,9,,
413,越,,surpass,,12,,
414,是,,just so,,9,,
415,題,,topic,,18,,
416,堤,,dike,,12,,
P-037,廴,"<img class=""rtk-primitive"" src=""mRtK6-P-037-stretch.svg""/>",stretch,,3,y,
417,建,,build,,9,,
418,鍵,,key,,17,,
419,延,,prolong,,8,,
420,誕,,nativity,,15,,
P-038.1,疋,"<img class=""rtk-primitive"" src=""mRtK6-P-038.1-zoo.svg""/>",zoo,,5,y,
P-038.2,⺪,"<img class=""rtk-primitive"" src=""mRtK6-P-038.2-zoo-left.svg""/>",zoo (left),,5,y,
421,礎,,cornerstone,,18,,
422,婿,,bridegroom,,12,,
423,衣,,garment,,6,,
423.2,,"<img class=""rtk-primitive"" src=""mRtK6-0423.2-scarf.svg""/>",scarf,,4,y,
423.4,,"<img class=""rtk-primitive"" src=""mRtK6-0423.4-unhooked_scarf.svg""/>",unhooked scarf,,4,y,
423.1,⻂,"<img class=""rtk-primitive"" src=""mRtK6-0423.1-cloak.svg""/>",cloak,,5,y,
423.3,,"<img class=""rtk-primitive"" src=""mRtK6-0423.3-top_hat_and_scarf.svg""/>",top hat and scarf,,6,y,
424,裁,,tailor,,12,,
425,装,,attire,,12,,
426,裏,,back,,13,,
427,壊,,demolition,,16,,
428,哀,,pathetic,,9,,
429,遠,,distant,,13,,
430,猿,,monkey,,13,,
431,初,,first time,,7,,
432,巾,,towel,,3,,
433,布,,linen,,5,,
434,帆,,sail,,6,,
435,幅,,hanging scroll,,12,,
436,帽,,cap,,12,,
437,幕,,curtain,,13,,
438,幌,,canopy,,13,,
439,錦,,brocade,,16,,
440,市,,market,,5,,
441,柿,,persimmon,,9,,
442,姉,,elder sister,,8,,
443,肺,,lungs,,9,,
P-039,,"<img class=""rtk-primitive"" src=""mRtK6-P-039-apron.svg""/>",apron,,5,y,
P-040,丗,"<img class=""rtk-primitive"" src=""mRtK6-P-040-buckle.svg""/>",buckle,,5,y,
444,帯,,sash,,10,,
445,滞,,stagnate,,13,,
P-041,,"<img class=""rtk-primitive"" src=""mRtK6-P-041-belt.svg""/>",belt,,2,y,
446,刺,,thorn,,8,,
447,制,,system,,8,,
448,製,,made in...,,14,,
P-042,云,"<img class=""rtk-primitive"" src=""mRtK6-P-042-rising_cloud.svg""/>",rising cloud,,4,y,
449,転,,revolve,,11,,
450,芸,,technique,,7,,
451,雨,,rain,,8,,
451.1,⻗,"<img class=""rtk-primitive"" src=""mRtK6-0451.1-rain-top.svg""/>",rain (top),,8,y,
452,雲,,cloud,,12,,
453,曇,,cloudy weather,,16,,
454,雷,,thunder,,13,,
455,霜,,frost,,17,,
P-043.1,冫,"<img class=""rtk-primitive"" src=""mRtK6-P-043.1-ice-left.svg""/>",ice (left),,2,y,
P-043.2,⺀,"<img class=""rtk-primitive"" src=""mRtK6-P-043.2-ice-bottom.svg""/>",ice (bottom),,2,y,
456,冬,,winter,,5,,
457,天,,heavens,,4,,
457.1,夭,"<img class=""rtk-primitive"" src=""mRtK6-0457.1-witch.svg""/>",witch,,4,y,
458,妖,,bewitched,,7,,
459,沃,,irrigate,,7,,
P-044,喬,"<img class=""rtk-primitive"" src=""mRtK6-P-044-angel.svg""/>",angel,,12,y,
460,橋,,bridge,,16,,
461,嬌,,attractive,,15,,
462,立,,stand up,,5,,
463,泣,,cry,,8,,
464,章,,badge,,11,,
465,競,,vie,,20,,
466,帝,,sovereign,,9,,
467,諦,,renunciation,,16,,
468,童,,juvenile,,12,,
469,瞳,,pupil,,17,,
470,鐘,,bell,,20,,
471,商,,make a deal,,11,,
P-045,啇,"<img class=""rtk-primitive"" src=""mRtK6-P-045-antique.svg""/>",antique,,11,y,
472,嫡,,legitimate wife,,14,,
473,適,,suitable,,14,,
474,滴,,drip,,14,,
475,敵,,enemy,,15,,
476,匕,,spoon,,2,,
477,叱,,scold,,5,,
478,匂,,aroma,,4,,
479,頃,,about that time,,11,,
480,北,,north,,5,,
481,背,,stature,,9,,
482,比,,compare,,4,,
483,昆,,descendants,,8,,
484,皆,,all,,9,,
485,楷,,block letters,,13,,
486,諧,,orderliness,,16,,
487,混,,mix,,11,,
P-046,,"<img class=""rtk-primitive"" src=""mRtK6-P-046-siesta.svg""/>",siesta,,8,y,
488,渇,,thirst,,11,,
489,謁,,audience,,15,,
490,褐,,brown,,13,,
491,喝,,hoarse,,11,,
492,葛,,kudzu,,11,,
493,旨,,delicious,,6,,
494,脂,,fat,,10,,
495,詣,,visit a shrine,,13,,
496,壱,,I (one),,7,,
P-047,𠂉,"<img class=""rtk-primitive"" src=""mRtK6-P-047-reclining.svg""/>",reclining,,2,y,
497,毎,,every,,6,,
498,敏,,cleverness,,10,,
499,梅,,plum,,10,,
500,海,,sea,,9,,
501,乞,,beg,,3,,
502,乾,,drought,,11,,
P-048,复,"<img class=""rtk-primitive"" src=""mRtK6-P-048-double_back.svg""/>",double back,,9,y,
503,腹,,abdomen,,13,,
504,複,,duplicate,,14,,
505,欠,,lack,,4,,
506,吹,,blow,,7,,
507,炊,,cook,,8,,
508,歌,,song,,14,,
509,軟,,soft,,11,,
510,次,,next,,6,,
511,茨,,briar,,9,,
512,資,,assets,,13,,
513,姿,,figure,,9,,
514,諮,,consult with,,16,,
P-049,咅,"<img class=""rtk-primitive"" src=""mRtK6-P-049-muzzle.svg""/>",muzzle,,8,y,
515,賠,,compensation,,15,,
516,培,,cultivate,,11,,
517,剖,,divide,,10,,
518,音,,sound,,9,,
519,暗,,darkness,,13,,
520,韻,,rhyme,,19,,
P-050,戠,"<img class=""rtk-primitive"" src=""mRtK6-P-050-kazoo.svg""/>",kazoo,,12,y,
521,識,,discriminating,,19,,
P-051,竟,"<img class=""rtk-primitive"" src=""mRtK6-P-051-mirror.svg""/>",mirror,,11,y,
522,鏡,,mirror,,19,,
523,境,,boundary,,14,,
524,亡,,deceased,,3,,
525,盲,,blind,,8,,
526,妄,,delusion,,6,,
527,荒,,laid waste,,9,,
528,望,,ambition,,11,,
529,方,,direction,,4,,
530,妨,,disturb,,7,,
531,坊,,boy,,7,,
532,芳,,perfumed,,7,,
533,肪,,obese,,8,,
534,訪,,call on,,11,,
535,放,,set free,,8,,
536,激,,violent,,16,,
P-052,兑,"<img class=""rtk-primitive"" src=""mRtK6-P-052-devil.svg""/>",devil,,7,y,
537,脱,,undress,,11,,
538,説,,explanation,,14,,
539,鋭,,pointed,,15,,
540,曽,,formerly,,11,,
541,増,,increase,,14,,
542,贈,,presents,,18,,
543,東,,east,,8,,
544,棟,,ridgepole,,12,,
545,凍,,frozen,,10,,
P-053,壬,"<img class=""rtk-primitive"" src=""mRtK6-P-053-porter.svg""/>",porter,,4,y,
546,妊,,pregnancy,,7,,
547,廷,,courts,,7,,
548,染,,dye,,9,,
549,燃,,burn,,16,,
550,賓,,V.I.P.,,15,,
551,歳,,year-end,,13,,
552,県,,prefecture,,9,,
553,栃,,horse chestnut,,9,,
P-054,也,"<img class=""rtk-primitive"" src=""mRtK6-P-054-scorpion.svg""/>",scorpion,,3,y,
554,地,,ground,,6,,
555,池,,pond,,6,,
556,虫,,insect,,6,,
557,蛍,,lightning bug,,11,,
558,蛇,,snake,,11,,
559,虹,,rainbow,,9,,
560,蝶,,butterfly,,15,,
561,独,,single,,9,,
562,蚕,,silkworm,,10,,
563.1,䖝,"<img class=""rtk-primitive"" src=""mRtK6-0563.1-gnats.svg""/>",gnats,,7,y,
563,風,,wind,,9,,
564,己,,self,,3,,
565,起,,rouse,,10,,
566,妃,,queen,,6,,
567,改,,reformation,,7,,
568,記,,scribe,,10,,
569,包,,wrap,,5,,
570,胞,,placenta,,9,,
571,砲,,cannon,,10,,
572,泡,,bubble,,8,,
573,亀,,tortoise,,11,,
573.1,,"<img class=""rtk-primitive"" src=""mRtK6-0573.1-eel.svg""/>",eel,,5,y,
573.2,,"<img class=""rtk-primitive"" src=""mRtK6-0573.2-bucket_of_eels.svg""/>",bucket of eels,,9,y,
574,電,,electricity,,13,,
575,竜,,dragon,,10,,
576,滝,,waterfall,,13,,
P-055,豕,"<img class=""rtk-primitive"" src=""mRtK6-P-055-sow.svg""/>",sow,,7,y,
577,豚,,pork,,11,,
578,逐,,pursue,,10,,
579,遂,,consummate,,12,,
580,家,,house,,10,,
581,嫁,,marry into,,13,,
582,豪,,overpowering,,14,,
P-056,,"<img class=""rtk-primitive"" src=""mRtK6-P-056-piglets.svg""/>",piglets,,5,y,
P-057,昜,"<img class=""rtk-primitive"" src=""mRtK6-P-057-piggy_bank.svg""/>",piggy bank,,9,y,
583,腸,,intestines,,13,,
584,場,,location,,12,,
585,湯,,hot water,,12,,
586,羊,,sheep,,6,,
586.1,⺷,"<img class=""rtk-primitive"" src=""mRtK6-0586.1-sheep-above.svg""/>",sheep (above),,6,y,
587,美,,beauty,,9,,
588,洋,,ocean,,9,,
589,詳,,detailed,,13,,
590,鮮,,fresh,,17,,
591,達,,accomplished,,12,,
592,羨,,envious,,13,,
P-058,⺶,"<img class=""rtk-primitive"" src=""mRtK6-P-058-wool.svg""/>",wool,,7,y,
593,差,,distinction,,10,,
594,着,,don,,12,,
P-059,隹,"<img class=""rtk-primitive"" src=""mRtK6-P-059-turkey.svg""/>",turkey,,8,y,
595,唯,,solely,,11,,
596,堆,,piled high,,11,,
597,椎,,sweet oak,,12,,
598,誰,,who?,,15,,
599,焦,,char,,12,,
600,礁,,reef,,17,,
601,集,,gather,,12,,
602,准,,quasi-,,10,,
603,進,,advance,,11,,
604,雑,,miscellaneous,,14,,
605,雌,,female,,14,,
606,準,,semi-,,13,,
607,奮,,stirred up,,16,,
608,奪,,rob,,14,,
609.1,隺,"<img class=""rtk-primitive"" src=""mRtK6-0609.1-turkey_coop.svg""/>",turkey coop,,10,y,
609,確,,assurance,,15,,
610,午,,noon,,4,,
611,許,,permit,,11,,
P-060,,"<img class=""rtk-primitive"" src=""mRtK6-P-060-pegasus.svg""/>",pegasus,,11,y,
612,歓,,delight,,15,,
613,権,,authority,,15,,
614,観,,outlook,,18,,
615,羽,,feathers,,6,,
615.1,,"<img class=""rtk-primitive"" src=""mRtK6-0615.1-wings.svg""/>",wings,,6,y,
616,習,,learn,,11,,
617,翌,,the following,,11,,
618,曜,,weekday,,18,,
619,濯,,laundry,,17,,
P-061,囗,"<img class=""rtk-primitive"" src=""mRtK6-P-061-pent_in.svg""/>",pent in,,3,y,
620,曰,,sayeth,,4,,
621,困,,quandary,,7,,
622,固,,harden,,8,,
623,錮,,weld,,16,,
624,国,,country,,8,,
625,団,,group,,6,,
626,因,,cause,,6,,
627,姻,,matrimony,,9,,
628,咽,,windpipe,,9,,
629,園,,park,,13,,
630,回,,-times,,6,,
631,壇,,podium,,16,,
P-062,广,"<img class=""rtk-primitive"" src=""mRtK6-P-062-cave.svg""/>",cave,,3,y,
632,店,,store,,8,,
633,庫,,warehouse,,10,,
634,庭,,courtyard,,10,,
635,庁,,government office,,5,,
636,床,,bed,,7,,
637,麻,,hemp,,11,,
638,磨,,grind,,16,,
639,心,,heart,,4,,
639.1,⺖,"<img class=""rtk-primitive"" src=""mRtK6-0639.1-state_of_mind.svg""/>",state of mind,,3,y,
639.2,⺗,"<img class=""rtk-primitive"" src=""mRtK6-0639.2-valentine.svg""/>",valentine,,4,y,
640,忘,,forget,,7,,
641,恣,,selfish,,10,,
642,忍,,endure,,7,,
643,認,,acknowledge,,14,,
644,忌,,mourning,,7,,
645,志,,intention,,7,,
646,誌,,document,,14,,
647,芯,,wick,,7,,
648,忠,,loyalty,,8,,
649,串,,shish kebab,,7,,
650,患,,afflicted,,11,,
651,思,,think,,9,,
652,恩,,grace,,10,,
653,応,,apply,,7,,
654,意,,idea,,13,,
655,臆,,cowardice,,17,,
656,想,,concept,,13,,
657,息,,breath,,10,,
658,憩,,recess,,16,,
659,恵,,favor,,10,,
660,恐,,fear,,10,,
661,惑,,beguile,,12,,
662,感,,emotion,,13,,
663,憂,,melancholy,,15,,
664,寡,,widow,,14,,
665,忙,,busy,,6,,
666,悦,,ecstasy,,10,,
667,恒,,constancy,,9,,
668,悼,,lament,,11,,
669,悟,,enlightenment,,10,,
670,怖,,dreadful,,8,,
671,慌,,disconcerted,,12,,
672,悔,,repent,,9,,
673,憎,,hate,,14,,
674,慣,,accustomed,,14,,
675,愉,,pleasure,,12,,
676,惰,,lazy,,12,,
677,慎,,humility,,13,,
678,憾,,remorse,,16,,
679,憶,,recollection,,16,,
680,惧,,disquieting,,11,,
681,憧,,yearn,,15,,
682,憬,,hanker,,15,,
683,慕,,pining,,14,,
684,添,,annexed,,11,,
685,必,,invariably,,5,,
686,泌,,ooze,,8,,
687,手,,hand,,4,,
688,看,,watch over,,9,,
689,摩,,chafe,,15,,
690,我,,ego,,7,,
691,義,,righteousness,,13,,
692,議,,deliberation,,20,,
693,犠,,sacrifice,,17,,
P-063,扌,"<img class=""rtk-primitive"" src=""mRtK6-P-063-finger.svg""/>",finger,,3,y,
694,抹,,rub,,8,,
695,拭,,wipe,,9,,
696,拉,,yank,,8,,
697,抱,,embrace,,8,,
698,搭,,board,,12,,
699,抄,,extract,,7,,
700,抗,,confront,,7,,
701,批,,criticism,,7,,
702,招,,beckon,,8,,
703,拓,,clear the land,,8,,
704,拍,,clap,,8,,
705,打,,strike,,5,,
706,拘,,arrest,,8,,
707,捨,,discard,,11,,
708,拐,,kidnap,,8,,
709,摘,,pinch,,14,,
710,挑,,challenge,,9,,
711,指,,finger,,9,,
712,持,,hold,,9,,
713,拶,,imminent,,9,,
714,括,,fasten,,9,,
715,揮,,brandish,,12,,
716,推,,conjecture,,11,,
717,揚,,hoist,,12,,
718,提,,propose,,12,,
719,損,,damage,,13,,
720,拾,,pick up,,9,,
721,担,,shouldering,,8,,
722,拠,,foothold,,8,,
723,描,,sketch,,11,,
724,操,,maneuver,,16,,
725,接,,touch,,11,,
726,掲,,put up a notice,,11,,
727,掛,,hang,,11,,
728,捗,,make headway,,10,,
P-064.1,开,"<img class=""rtk-primitive"" src=""mRtK6-P-064.1-two_hands.svg""/>",two hands,,4,y,
P-064.2,廾,"<img class=""rtk-primitive"" src=""mRtK6-P-064.2-two_hands-bottom.svg""/>",two hands (bottom),,4,y,
729,研,,polish,,9,,
730,戒,,commandment,,7,,
731,弄,,tinker with,,7,,
732,械,,contraption,,11,,
733,鼻,,nose,,14,,
734,刑,,punish,,6,,
735,型,,mould,,9,,
736,才,,genius,,3,,
736.1,,"<img class=""rtk-primitive"" src=""mRtK6-0736.1-genie_in_the_bottle.svg""/>",genie in the bottle,,3,y,
737,財,,property,,10,,
738,材,,lumber,,7,,
739,存,,suppose,,6,,
740,在,,exist,,6,,
741,乃,,from,,2,,
742,携,,portable,,13,,
743,及,,reach out,,3,,
744,吸,,suck,,6,,
745,扱,,handle,,6,,
P-065,,"<img class=""rtk-primitive"" src=""mRtK6-P-065-arm.svg""/>",arm,,2,y,
746,丈,,length,,3,,
747,史,,history,,5,,
748,吏,,officer,,6,,
749,更,,grow late,,7,,
750,硬,,stiff,,12,,
751,梗,,spiny,,11,,
752,又,,or again,,2,,
753,双,,pair,,4,,
754,桑,,mulberry,,10,,
755,隻,,vessels,,10,,
756,護,,safeguard,,20,,
757,獲,,seize,,16,,
758,奴,,guy,,5,,
759,怒,,angry,,9,,
760,友,,friend,,4,,
761,抜,,slip out,,7,,
P-066,殳,"<img class=""rtk-primitive"" src=""mRtK6-P-066-missile.svg""/>",missile,,4,y,
762,投,,throw,,7,,
763,没,,drown,,7,,
764,股,,thigh,,8,,
765,設,,establishment,,11,,
766,撃,,beat,,15,,
767,殻,,husk,,11,,
768,支,,branch,,4,,
769,技,,skill,,7,,
770,枝,,bough,,8,,
771,肢,,limb,,8,,
P-067,圣,"<img class=""rtk-primitive"" src=""mRtK6-P-067-spool.svg""/>",spool,,5,y,
772,茎,,stalk,,8,,
773,怪,,suspicious,,8,,
774,軽,,lightly,,12,,
775,叔,,uncle,,8,,
776,督,,coach,,13,,
777,寂,,loneliness,,11,,
778,淑,,graceful,,11,,
779,反,,anti-,,4,,
780,坂,,slope,,7,,
781,板,,plank,,8,,
782,返,,return,,7,,
783,販,,marketing,,11,,
784,爪,,claw,,4,,
784.1,⺤,"<img class=""rtk-primitive"" src=""mRtK6-0784.1-vulture.svg""/>",vulture,,4,y,
785,妥,,gentle,,7,,
P-068,孚,"<img class=""rtk-primitive"" src=""mRtK6-P-068-fledgeling.svg""/>",fledgeling,,7,y,
786,乳,,milk,,8,,
787,浮,,floating,,10,,
788,淫,,lewd,,11,,
789,将,,leader,,10,,
790,奨,,exhort,,13,,
791,采,,grab,,8,,
792,採,,pick,,11,,
793,菜,,vegetable,,11,,
P-069,,"<img class=""rtk-primitive"" src=""mRtK6-P-069-birdhouse.svg""/>",birdhouse,,6,y,
794,受,,accept,,8,,
795,授,,impart,,11,,
796,愛,,love,,13,,
797,曖,,unclear,,17,,
P-070,厶,"<img class=""rtk-primitive"" src=""mRtK6-P-070-elbow.svg""/>",elbow,,2,y,
798,払,,pay,,5,,
799,広,,wide,,5,,
800,勾,,hooked,,4,,
801,拡,,broaden,,8,,
802,鉱,,mineral,,13,,
803,弁,,valve,,5,,
804,雄,,male,,12,,
805,台,,pedestal,,5,,
806,怠,,neglect,,9,,
807,治,,reign,,8,,
808,冶,,metallurgy,,7,,
809,始,,commence,,8,,
810,胎,,womb,,9,,
811,窓,,window,,11,,
812,去,,gone,,5,,
813,法,,method,,8,,
P-071,,"<img class=""rtk-primitive"" src=""mRtK6-P-071-wall.svg""/>",wall,,3,y,
814,会,,meeting,,6,,
815,至,,climax,,6,,
816,室,,room,,9,,
817,到,,arrival,,8,,
818,致,,doth,,10,,
819,互,,mutually,,4,,
P-072,,"<img class=""rtk-primitive"" src=""mRtK6-P-072-infant.svg""/>",infant,,4,y,
820,棄,,abandon,,13,,
821,育,,bring up,,8,,
822,撤,,remove,,15,,
823,充,,allot,,6,,
824,銃,,gun,,14,,
825,硫,,sulfur,,12,,
826,流,,current,,10,,
827,允,,license,,4,,
828,唆,,tempt,,10,,
829,出,,exit,,5,,
830,山,,mountain,,3,,
831,拙,,bungling,,8,,
832,岩,,boulder,,8,,
833,炭,,charcoal,,9,,
834,岐,,branch off,,7,,
835,峠,,mountain pass,,9,,
836,崩,,crumble,,11,,
837,密,,secrecy,,11,,
838,蜜,,honey,,14,,
839,嵐,,storm,,12,,
840,崎,,promontory,,11,,
841,崖,,bluffs,,11,,
842,入,,enter,,2,,
843,込,,crowded,,5,,
844,分,,part,,4,,
845,貧,,poverty,,11,,
846,頒,,partition,,13,,
847,公,,public,,4,,
848,松,,pine tree,,8,,
849,翁,,venerable old man,,10,,
850,訟,,sue,,11,,
851,谷,,valley,,7,,
852,浴,,bathe,,10,,
853,容,,contain,,10,,
854,溶,,melt,,13,,
855,欲,,longing,,11,,
856,裕,,abundant,,12,,
P-073,㕣,"<img class=""rtk-primitive"" src=""mRtK6-P-073-gully.svg""/>",gully,,5,y,
857,鉛,,lead (metal),,13,,
858,沿,,run alongside,,8,,
P-074,,"<img class=""rtk-primitive"" src=""mRtK6-P-074-outhouse.svg""/>",outhouse,,8,y,
859,賞,,prize,,15,,
860,党,,party,,10,,
861,堂,,hall,,11,,
862,常,,usual,,11,,
863,裳,,skirt,,14,,
864,掌,,manipulate,,12,,
865,皮,,pelt,,5,,
866,波,,waves,,8,,
867,婆,,old woman,,11,,
868,披,,expose,,8,,
869,破,,rend,,10,,
870,被,,incur,,10,,
P-075,歹,"<img class=""rtk-primitive"" src=""mRtK6-P-075-bone.svg""/>",bone,,4,y,
871,残,,remainder,,10,,
872,殉,,martyrdom,,10,,
873,殊,,particularly,,10,,
874,殖,,augment,,12,,
875,列,,file,,6,,
876,裂,,split,,12,,
877,烈,,ardent,,10,,
878,死,,death,,6,,
879,葬,,interment,,12,,
P-076,舛,"<img class=""rtk-primitive"" src=""mRtK6-P-076-sunglasses.svg""/>",sunglasses,,7,y,
880,瞬,,wink,,18,,
881,耳,,ear,,6,,
882,取,,take,,8,,
883,趣,,gist,,15,,
884,最,,utmost,,12,,
885,撮,,snapshot,,15,,
886,恥,,shame,,10,,
887,職,,post,,18,,
888,聖,,holy,,13,,
889,敢,,daring,,12,,
890,聴,,listen,,17,,
891,懐,,pocket,,16,,
P-077,曼,"<img class=""rtk-primitive"" src=""mRtK6-P-077-mandala.svg""/>",mandala,,11,y,
892,慢,,ridicule,,14,,
893,漫,,loose,,14,,
894,買,,buy,,12,,
895,置,,placement,,13,,
896,罰,,penalty,,14,,
897,寧,,rather,,14,,
898,濁,,voiced,,16,,
899,環,,ring,,17,,
900,還,,send back,,16,,
901,夫,,husband,,4,,
902,扶,,aid,,7,,
903,渓,,mountain stream,,11,,
904,規,,standard,,11,,
905,替,,exchange,,12,,
906,賛,,approve,,15,,
907,潜,,submerge,,15,,
908,失,,lose,,5,,
909,鉄,,iron,,13,,
910,迭,,alternate,,8,,
911,臣,,retainer,,7,,
912,姫,,princess,,10,,
913,蔵,,storehouse,,15,,
914,臓,,entrails,,19,,
915,賢,,intelligent,,16,,
916,腎,,kidney,,13,,
917,堅,,strict,,12,,
918,臨,,look to,,18,,
919,覧,,perusal,,17,,
920,巨,,gigantic,,5,,
921,拒,,repel,,8,,
922,力,,power,,2,,
923,男,,man,,7,,
924,労,,labor,,7,,
925,募,,recruit,,12,,
926,劣,,inferiority,,6,,
927,功,,achievement,,5,,
928,勧,,persuade,,13,,
929,努,,toil,,7,,
930,勃,,uprising,,9,,
931,励,,encourage,,7,,
932,加,,add,,5,,
933,賀,,congratulations,,12,,
934,架,,erect,,9,,
935,脇,,armpit,,10,,
936,脅,,threaten,,10,,
937,協,,co-,,8,,
938,行,,going,,6,,
938.1,彳,"<img class=""rtk-primitive"" src=""mRtK6-0938.1-going.svg""/>",going,,3,y,
939,律,,rhythm,,9,,
940,復,,restore,,12,,
941,得,,gain,,11,,
942,従,,accompany,,10,,
943,徒,,junior,,10,,
944,待,,wait,,9,,
945,往,,journey,,8,,
946,征,,subjugate,,8,,
947,径,,diameter,,8,,
948,彼,,he,,8,,
949,役,,duty,,7,,
950,徳,,benevolence,,14,,
951,徹,,penetrate,,15,,
952,徴,,indications,,14,,
953,懲,,penal,,18,,
954,微,,delicate,,13,,
955,街,,boulevard,,12,,
956,桁,,girder,,10,,
957,衡,,equilibrium,,16,,
P-078,禾,"<img class=""rtk-primitive"" src=""mRtK6-P-078-wheat.svg""/>",wheat,,5,y,
958,稿,,draft,,15,,
959,稼,,earnings,,15,,
960,程,,extent,,12,,
961,税,,tax,,12,,
962,稚,,immature,,13,,
963,和,,harmony,,8,,
964,移,,shift,,11,,
965,秒,,second,,9,,
966,秋,,autumn,,9,,
967,愁,,distress,,13,,
968,私,,private,,7,,
969,秩,,regularity,,10,,
970,秘,,secret,,10,,
971,称,,appellation,,10,,
972,利,,profit,,7,,
973,梨,,pear tree,,11,,
974,穫,,harvest,,18,,
975,穂,,ear of a plant,,15,,
976,稲,,rice plant,,14,,
977,香,,incense,,9,,
978,季,,seasons,,8,,
979,委,,committee,,8,,
980,秀,,excel,,7,,
981,透,,transparent,,10,,
982,誘,,entice,,14,,
983,稽,,training,,15,,
984,穀,,cereals,,14,,
985,菌,,germ,,11,,
986,萎,,numb,,11,,
987,米,,rice,,6,,
987.1,⺢,"<img class=""rtk-primitive"" src=""mRtK6-0987.1-grains_of_rice.svg""/>",grains of rice,,5,y,
988,粉,,flour,,10,,
989,粘,,sticky,,11,,
990,粒,,grains,,11,,
991,粧,,cosmetics,,12,,
992,迷,,astray,,9,,
993,粋,,chic,,10,,
994,謎,,riddle,,16,,
995,糧,,provisions,,18,,
996,菊,,chrysanthemum,,11,,
997,奥,,core,,12,,
998,数,,number,,13,,
999,楼,,watchtower,,13,,
1000,類,,sort,,18,,
1001,漆,,lacquer,,14,,
1002,膝,,knee,,15,,
1003,様,,Esq.,,14,,
1004,求,,request,,7,,
1005,球,,ball,,11,,
1006,救,,salvation,,11,,
1007,竹,,bamboo,,6,,
1008,笑,,laugh,,10,,
1009,笠,,bamboo hat,,11,,
1010,笹,,bamboo grass,,11,,
1011,箋,,stationery,,14,,
1012,筋,,muscle,,12,,
1013,箱,,box,,15,,
1014,筆,,writing brush,,12,,
1015,筒,,cylinder,,12,,
1016,等,,etc.,,12,,
1017,算,,calculate,,14,,
1018,答,,solution,,12,,
1019,策,,scheme,,12,,
1020,簿,,register,,19,,
1021,築,,fabricate,,16,,
1022,篭,,basket,,16,,
1023,人,,person,,2,,
1023.1,⺅,"<img class=""rtk-primitive"" src=""mRtK6-1023.1-person.svg""/>",person,,2,y,
1024,佐,,assistant,,7,,
1025,侶,,partner,,9,,
1026,但,,however,,7,,
1027,住,,dwell,,7,,
1028,位,,rank,,7,,
1029,仲,,go-between,,6,,
1030,体,,body,,7,,
1031,悠,,remote,,11,,
1032,件,,affair,,6,,
1033,仕,,attend,,5,,
1034,他,,other,,5,,
1035,伏,,prostrated,,6,,
1036,伝,,transmit,,6,,
1037,仏,,Buddha,,4,,
1038,休,,rest,,6,,
1039,仮,,provisional,,6,,
1040,伎,,performing artist,,6,,
1041,伯,,chief,,7,,
1042,俗,,vulgar,,9,,
1043,信,,faith,,9,,
1044,佳,,excellent,,8,,
1045,依,,reliant,,8,,
1046,例,,example,,8,,
1047,個,,individual,,10,,
1048,健,,healthy,,11,,
1049,側,,side,,11,,
1050,侍,,waiter,,8,,
1051,停,,halt,,11,,
1052,値,,price,,10,,
1053,倣,,emulate,,10,,
1054,傲,,arrogance,,13,,
1055,倒,,overthrow,,10,,
1056,偵,,spy,,11,,
1057,僧,,Buddhist priest,,13,,
1058,億,,hundred million,,15,,
1059,儀,,ceremony,,15,,
1060,償,,reparation,,17,,
1061,仙,,hermit,,5,,
1062,催,,sponsor,,13,,
1063,仁,,humanity,,4,,
1064,侮,,scorn,,8,,
1065,使,,use,,8,,
1066,便,,convenience,,9,,
1067,倍,,double,,10,,
1068,優,,tenderness,,17,,
1069,伐,,fell,,6,,
1070,宿,,inn,,11,,
1071,傷,,wound,,13,,
1072,保,,protect,,9,,
1073,褒,,praise,,15,,
1074,傑,,greatness,,13,,
1075,付,,adhere,,5,,
1076,符,,token,,11,,
1077,府,,municipality,,8,,
1078,任,,responsibility,,6,,
1079,賃,,fare,,13,,
1080,代,,substitute,,5,,
1081,袋,,sack,,11,,
1082,貸,,lend,,12,,
1083,化,,change,,4,,
1084,花,,flower,,7,,
1085,貨,,freight,,11,,
1086,傾,,lean,,13,,
1087,何,,what,,7,,
1088,荷,,baggage,,10,,
1089,俊,,sagacious,,9,,
1090,傍,,bystander,,12,,
1091,俺,,myself,,10,,
1092,久,,long time,,3,,
1093,畝,,furrow,,10,,
1094,囚,,captured,,5,,
1095,内,,inside,,4,,
1096,丙,,third class,,5,,
1097,柄,,design,,9,,
1098,肉,,meat,,6,,
1099,腐,,rot,,14,,
P-079,从,"<img class=""rtk-primitive"" src=""mRtK6-P-079-assembly_line.svg""/>",assembly line,,4,y,
1100,座,,sit,,10,,
1101,挫,,sprain,,10,,
1102,卒,,graduate,,8,,
1103,傘,,umbrella,,12,,
1104,匁,,monme,,4,,
P-080,,"<img class=""rtk-primitive"" src=""mRtK6-P-080-plow.svg""/>",plow,,2,y,
1105,以,,by means of,,5,,
1106,似,,similar,,7,,
P-081,并,"<img class=""rtk-primitive"" src=""mRtK6-P-081-puzzle.svg""/>",puzzle,,6,y,
1107,併,,join,,8,,
1108,瓦,,tile,,5,,
1109,瓶,,flower pot,,11,,
1110,宮,,Shinto shrine,,10,,
1111,営,,occupation,,12,,
1112,善,,virtuous,,12,,
1113,膳,,dining tray,,16,,
P-082,ヰ,"<img class=""rtk-primitive"" src=""mRtK6-P-082-sunglasses_half_monocle.svg""/>",sunglasses half monocle,,4,y,
1114,年,,year,,6,,
1115,夜,,night,,8,,
1116,液,,fluid,,11,,
1117,塚,,hillock,,12,,
P-083,敝,"<img class=""rtk-primitive"" src=""mRtK6-P-083-shredder.svg""/>",shredder,,12,y,
1118,幣,,cash,,15,,
1119,蔽,,cover over,,15,,
1120,弊,,abuse,,15,,
1121,喚,,yell,,12,,
1122,換,,interchange,,12,,
1123,融,,dissolve,,16,,
P-084,,"<img class=""rtk-primitive"" src=""mRtK6-P-084-banner.svg""/>",banner,,6,y,
1124,施,,alms,,9,,
1125,旋,,rotation,,11,,
1126,遊,,play,,12,,
1127.1,,"<img class=""rtk-primitive"" src=""mRtK6-1127.1-rag.svg""/>",rag,,4,y,
1127,旅,,trip,,10,,
1128,勿,,not,,4,,
1129,物,,thing,,8,,
1130,易,,easy,,8,,
1131,賜,,grant,,15,,
P-085,尸,"<img class=""rtk-primitive"" src=""mRtK6-P-085-flag.svg""/>",flag,,3,y,
1132,尿,,urine,,7,,
1133,尼,,nun,,5,,
1134,尻,,buttocks,,5,,
1135,泥,,mud,,8,,
1136,塀,,fence,,12,,
1137,履,,footgear,,15,,
1138,屋,,roof,,9,,
1139,握,,grip,,12,,
1140,屈,,yield,,8,,
1141,掘,,dig,,11,,
1142,堀,,ditch,,11,,
1143,居,,reside,,8,,
1144,据,,set,,11,,
1145,裾,,hem,,13,,
1146,層,,stratum,,14,,
1147,局,,bureau,,7,,
1148,遅,,slow,,12,,
1149,漏,,leak,,14,,
1150,刷,,printing,,8,,
1151,尺,,shaku,,4,,
1152,尽,,exhaust,,6,,
1153,沢,,swamp,,7,,
1154,訳,,translate,,11,,
1155,択,,choose,,7,,
1156,昼,,daytime,,9,,
1157,戸,,door,,4,,
1158,肩,,shoulder,,8,,
1159,房,,tassel,,8,,
1160,扇,,fan,,10,,
1161,炉,,hearth,,8,,
1162,戻,,re-,,7,,
1163,涙,,tears,,10,,
1164,雇,,employ,,12,,
1165,顧,,look back,,21,,
1166,啓,,disclose,,11,,
1167,示,,show,,5,,
1167.1,⺭,"<img class=""rtk-primitive"" src=""mRtK6-1167.1-altar.svg""/>",altar,,4,y,
1168,礼,,salutation,,5,,
1169,祥,,auspicious,,10,,
1170,祝,,celebrate,,9,,
1171,福,,blessing,,13,,
1172,祉,,welfare,,8,,
1173,社,,company,,7,,
1174,視,,inspection,,11,,
1175,奈,,Nara,,8,,
1176,尉,,military officer,,11,,
1177,慰,,consolation,,15,,
1178,款,,goodwill,,12,,
1179,禁,,prohibition,,13,,
1180,襟,,collar,,18,,
1181,宗,,religion,,8,,
1182,崇,,adore,,11,,
1183,祭,,ritual,,11,,
1184,察,,guess,,14,,
1185,擦,,grate,,17,,
1186,由,,wherefore,,5,,
1187,抽,,pluck,,8,,
1188,油,,oil,,8,,
1189,袖,,sleeve,,10,,
1190,宙,,mid-air,,8,,
1191,届,,deliver,,8,,
1192,笛,,flute,,11,,
1193,軸,,axis,,12,,
1194,甲,,armor,,5,,
1195,押,,push,,8,,
1196,岬,,headland,,8,,
1197,挿,,insert,,10,,
1198,申,,speaketh,,5,,
1199,伸,,expand,,7,,
1200,神,,gods,,9,,
1201,捜,,search,,10,,
1202,果,,fruit,,8,,
1203,菓,,confectionary,,11,,
1204,課,,chapter,,15,,
1205,裸,,naked,,13,,
1206,斤,,ax,,4,,
1207,析,,chop,,8,,
1208,所,,place,,8,,
1209,祈,,pray,,8,,
1210,近,,near,,7,,
1211,折,,fold,,7,,
1212,哲,,philosophy,,10,,
1213,逝,,departed,,10,,
1214,誓,,vow,,14,,
1215,斬,,chop off,,11,,
1216,暫,,temporarily,,15,,
1217,漸,,steadily,,14,,
1218,断,,severance,,11,,
1219,質,,substance,,15,,
1220,斥,,reject,,5,,
1221,訴,,accusation,,12,,
P-086,乍,"<img class=""rtk-primitive"" src=""mRtK6-P-086-saw.svg""/>",saw,,5,y,
1222,昨,,yesterday,,9,,
1223,詐,,lie,,12,,
1224,作,,make,,7,,
P-087.1,彐,"<img class=""rtk-primitive"" src=""mRtK6-P-087.1-broom.svg""/>",broom,,3,y,
P-087.2,,"<img class=""rtk-primitive"" src=""mRtK6-P-087.2-broom-top.svg""/>",broom (top),,3,y,
1225,雪,,snow,,11,,
1226,録,,record,,16,,
1227,剥,,peel off,,10,,
1228,尋,,inquire,,12,,
1229,急,,hurry,,9,,
1230,穏,,calm,,16,,
1231,侵,,encroach,,9,,
1232,浸,,immersed,,10,,
1233,寝,,lie down,,13,,
1234,婦,,lady,,11,,
1235,掃,,sweep,,11,,
1236,当,,hit,,6,,
P-087.3,⺔,"<img class=""rtk-primitive"" src=""mRtK6-P-087.3-broom-old.svg""/>",broom (old),,3,y,
1237,彙,,glossary,,13,,
P-088,⺺,"<img class=""rtk-primitive"" src=""mRtK6-P-088-rake.svg""/>",rake,,4,y,
1238,争,,contend,,6,,
1239,浄,,clean,,9,,
1240,事,,matter,,8,,
1241,唐,,T'ang,,10,,
1242,糖,,sugar,,16,,
P-089,隶,"<img class=""rtk-primitive"" src=""mRtK6-P-089-sieve.svg""/>",sieve,,8,y,
1243,康,,sane,,11,,
1244,逮,,apprehend,,11,,
P-090,尹,"<img class=""rtk-primitive"" src=""mRtK6-P-090-mop.svg""/>",mop,,4,y,
1245,伊,,Italy,,6,,
1246,君,,old boy,,7,,
1247,群,,flock,,13,,
P-091,而,"<img class=""rtk-primitive"" src=""mRtK6-P-091-comb.svg""/>",comb,,6,y,
1248,耐,,-proof,,9,,
1249,需,,demand,,14,,
1250,儒,,Confucian,,16,,
1251,端,,edge,,14,,
P-092,凵,"<img class=""rtk-primitive"" src=""mRtK6-P-092-shovel.svg""/>",shovel,,2,y,
1252,両,,both,,6,,
1253,満,,full,,12,,
1254,画,,brush-stroke,,8,,
1255,歯,,tooth,,12,,
1256,曲,,bend,,6,,
1257,曹,,cadet,,11,,
1258,遭,,encounter,,14,,
1259,漕,,rowing,,14,,
1260,槽,,vat,,15,,
1261,斗,,Big Dipper,,4,,
1262,料,,fee,,10,,
1263,科,,department,,9,,
1264,図,,map,,7,,
1265,用,,utilize,,5,,
1266,庸,,comfortable,,11,,
1267,備,,equip,,12,,
P-093,,"<img class=""rtk-primitive"" src=""mRtK6-P-093-salad.svg""/>",salad,,4,y,
1268,昔,,once upon a time,,8,,
1269,錯,,confused,,16,,
1270,借,,borrow,,10,,
1271,惜,,pity,,11,,
1272,措,,set aside,,11,,
1273,散,,scatter,,12,,
1274,廿,,twenty,,4,,
P-094,,"<img class=""rtk-primitive"" src=""mRtK6-P-094-caverns.svg""/>",caverns,,7,y,
1275,庶,,commoner,,11,,
1276,遮,,intercept,,14,,
1277,席,,seat,,10,,
1278,度,,degrees,,9,,
1279,渡,,transit,,12,,
P-095,卉,"<img class=""rtk-primitive"" src=""mRtK6-P-095-haystack.svg""/>",haystack,,5,y,
1280,奔,,bustle,,8,,
1281,噴,,erupt,,15,,
1282,墳,,tomb,,15,,
1283,憤,,aroused,,15,,
P-096,尭,"<img class=""rtk-primitive"" src=""mRtK6-P-096-straw_man.svg""/>",straw man,,8,y,
1284,焼,,bake,,12,,
1285,暁,,daybreak,,12,,
1286,半,,half,,5,,
1287,伴,,consort,,7,,
1288,畔,,paddy ridge,,10,,
1289,判,,judgment,,7,,
P-097,,"<img class=""rtk-primitive"" src=""mRtK6-P-097-quarter.svg""/>",quarter,,6,y,
1290,拳,,fist,,10,,
1291,券,,ticket,,8,,
1292,巻,,scroll,,9,,
1293,圏,,sphere,,12,,
1294,勝,,victory,,12,,
1295,藤,,wisteria,,18,,
1296,謄,,facsimilie,,17,,
1297,片,,one-sided,,4,,
1298,版,,printing block,,8,,
1299,之,,of,,3,,
1300,乏,,destitution,,4,,
1301,芝,,turf,,6,,
1302,不,,negative,,4,,
1303,否,,negate,,7,,
1304,杯,,cupfuls,,8,,
1305,矢,,dart,,5,,
1306,矯,,rectify,,17,,
1307,族,,tribe,,11,,
1308,知,,know,,8,,
1309,智,,wisdom,,12,,
1310,挨,,shove,,10,,
1311,矛,,halberd,,5,,
1312,柔,,tender,,9,,
1313,務,,task,,11,,
1314,霧,,fog,,19,,
P-098,,"<img class=""rtk-primitive"" src=""mRtK6-P-098-spear.svg""/>",spear,,2,y,
1315,班,,squad,,10,,
1316,帰,,homecoming,,10,,
1317,弓,,bow,,3,,
1318,引,,pull,,4,,
1319,弔,,condolences,,4,,
1320,弘,,vast,,5,,
1321,強,,strong,,11,,
1322,弥,,more and more,,8,,
1323,弱,,weak,,10,,
1324,溺,,drowning,,13,,
P-099.1,弗,"<img class=""rtk-primitive"" src=""mRtK6-P-099.1-dollar_sign.svg""/>",dollar sign,,5,y,
P-099.2,,"<img class=""rtk-primitive"" src=""mRtK6-P-099.2-dollar_sign-below.svg""/>",dollar sign (below),,5,y,
1325,沸,,seethe,,8,,
1326,費,,expense,,12,,
1327,第,,No.,,11,,
1328,弟,,younger brother,,7,,
P-100,丂,"<img class=""rtk-primitive"" src=""mRtK6-P-100-snare.svg""/>",snare,,2,y,
1329,巧,,adroit,,5,,
1330,号,,nickname,,5,,
1331,朽,,decay,,6,,
1332,誇,,boast,,13,,
1333,顎,,chin,,18,,
1334,汚,,dirty,,6,,
P-101,,"<img class=""rtk-primitive"" src=""mRtK6-P-101-slingshot.svg""/>",slingshot,,2,y,
1335,与,,bestow,,3,,
1336,写,,copy,,5,,
1337,身,,somebody,,7,,
1338,射,,shoot,,10,,
1339,謝,,apologize,,17,,
1340,老,,old man,,6,,
1340.1,耂,"<img class=""rtk-primitive"" src=""mRtK6-1340.1-old_man.svg""/>",old man,,4,y,
1341,考,,consider,,6,,
1342,孝,,filial piety,,7,,
1343,教,,teach,,11,,
1344,拷,,torture,,9,,
1345,者,,someone,,8,,
1346,煮,,boil,,12,,
1347,著,,renowned,,11,,
1348,箸,,chopsticks,,15,,
1349,署,,signature,,13,,
1350,暑,,sultry,,12,,
1351,諸,,various,,15,,
1352,猪,,boar,,11,,
1353,渚,,strand,,11,,
1354,賭,,gamble,,15,,
P-102,夹,"<img class=""rtk-primitive"" src=""mRtK6-P-102-scissors.svg""/>",scissors,,6,y,
1355,峡,,gorge,,9,,
1356,狭,,cramped,,9,,
1357,挟,,sandwiched,,9,,
1358,頬,,cheek,,15,,
P-103,𠂤,"<img class=""rtk-primitive"" src=""mRtK6-P-103-maestro.svg""/>",maestro,,6,y,
1359,追,,chase,,9,,
1360,阜,,large hill,,8,,
1361,師,,expert,,10,,
1362,帥,,commander,,9,,
1363,官,,bureaucrat,,8,,
1364,棺,,coffin,,12,,
1365,管,,pipe,,14,,
1366,父,,father,,4,,
1367,釜,,cauldron,,10,,
1368,交,,mingle,,6,,
1369,効,,merit,,8,,
1370,較,,contrast,,13,,
1371,校,,exam,,10,,
1372,足,,leg,,7,,
1373,促,,stimulate,,9,,
1374,捉,,nab,,10,,
1375,距,,long-distance,,12,,
1376,路,,path,,13,,
1377,露,,dew,,21,,
1378,跳,,hop,,13,,
1379,躍,,leap,,21,,
1380,践,,tread,,13,,
1381,踏,,step,,15,,
1382,踪,,trail,,15,,
1383,骨,,skeleton,,10,,
1384,滑,,slippery,,13,,
1385,髄,,marrow,,19,,
P-104,咼,"<img class=""rtk-primitive"" src=""mRtK6-P-104-jawbone.svg""/>",jawbone,,9,y,
1386,禍,,calamity,,13,,
1387,渦,,whirlpool,,12,,
1388,鍋,,pot,,17,,
1389,過,,overdo,,12,,
P-105,⻖,"<img class=""rtk-primitive"" src=""mRtK6-P-105-pinnacle-left.svg""/>",pinnacle (left),,3,y,
1390,阪,,Heights,,7,,
1391,阿,,Africa,,8,,
1392,際,,occasion,,14,,
1393,障,,hinder,,14,,
1394,隙,,chink,,13,,
1395,随,,follow,,12,,
1396,陪,,auxiliary,,11,,
1397,陽,,sunshine,,12,,
1398,陳,,line up,,11,,
1399,防,,ward off,,7,,
1400,附,,affixed,,8,,
1401,院,,Inst.,,10,,
1402,陣,,camp,,10,,
1403,隊,,regiment,,12,,
1404,墜,,crash,,15,,
1405,降,,descend,,10,,
1406,階,,story,,12,,
1407,陛,,highness,,10,,
1408,隣,,neighboring,,16,,
1409,隔,,isolate,,13,,
1410,隠,,conceal,,14,,
1411,堕,,degenerate,,12,,
1412,陥,,collapse,,10,,
1413,穴,,hole,,5,,
1414,空,,empty,,8,,
1415,控,,withdraw,,11,,
1416,突,,stab,,8,,
1417,究,,research,,7,,
1418,窒,,plug up,,11,,
1419,窃,,stealth,,9,,
1420,窟,,cavern,,13,,
1421,窪,,depression,,14,,
1422,搾,,squeeze,,13,,
1423,窯,,kiln,,15,,
1424,窮,,hard up,,15,,
P-106,㓁,"<img class=""rtk-primitive"" src=""mRtK6-P-106-paper_punch.svg""/>",paper punch,,4,y,
1425,探,,grope,,11,,
1426,深,,deep,,11,,
1427,丘,,hill,,5,,
1428,岳,,Point,,8,,
1429,兵,,soldier,,7,,
1430,浜,,seacoast,,10,,
1431,糸,,thread,,6,,
1432,織,,weave,,18,,
1433,繕,,darning,,18,,
1434,縮,,shrink,,17,,
1435,繁,,luxuriant,,16,,
1436,縦,,vertical,,16,,
1437,緻,,fine,,16,,
1438,線,,line,,15,,
1439,綻,,come apart at the seams,,14,,
1440,締,,tighten,,15,,
1441,維,,fiber,,14,,
1442,羅,,gauze,,19,,
1443,練,,practice,,14,,
1444,緒,,thong,,14,,
1445,続,,continue,,13,,
1446,絵,,picture,,12,,
1447,統,,overall,,12,,
1448,絞,,strangle,,12,,
1449,給,,salary,,12,,
1450,絡,,entwine,,12,,
1451,結,,tie,,12,,
1452,終,,end,,11,,
1453,級,,class,,9,,
1454,紀,,chronicle,,9,,
1455,紅,,crimson,,9,,
1456,納,,settlement,,10,,
1457,紡,,spinning,,10,,
1458,紛,,distract,,10,,
1459,紹,,introduce,,11,,
1460,経,,sutra,,11,,
1461,紳,,sire,,11,,
1462,約,,promise,,9,,
1463,細,,dainty,,11,,
1464,累,,accumulate,,11,,
1465,索,,cord,,10,,
1466,総,,general,,14,,
1467,綿,,cotton,,14,,
1468,絹,,silk,,13,,
1469,繰,,winding,,19,,
1470,継,,inherit,,13,,
1471,緑,,green,,14,,
1472,縁,,affinity,,15,,
1473,網,,netting,,14,,
1474,緊,,tense,,15,,
1475,紫,,purple,,12,,
1476,縛,,truss,,16,,
1477,縄,,straw rope,,15,,
P-107,幺,"<img class=""rtk-primitive"" src=""mRtK6-P-107-cocoon.svg""/>",cocoon,,3,y,
1478,幼,,infancy,,5,,
1479,後,,behind,,9,,
1480,幽,,faint,,9,,
1481,幾,,how many,,12,,
1482,機,,mechanism,,16,,
1483,畿,,capital suburbs,,15,,
1484,玄,,mysterious,,5,,
1485,畜,,livestock,,10,,
1486,蓄,,amass,,13,,
1487,弦,,bowstring,,8,,
1488,擁,,hug,,16,,
1489,滋,,nourishing,,12,,
1490,慈,,mercy,,13,,
1491,磁,,magnet,,14,,
1492,系,,lineage,,7,,
1493,係,,person in charge,,9,,
1494,孫,,grandchild,,10,,
1495,懸,,suspend,,20,,
1496,遜,,modest,,13,,
P-108,卩,"<img class=""rtk-primitive"" src=""mRtK6-P-108-stamp.svg""/>",stamp,,2,y,
1497,却,,instead,,7,,
1498,脚,,shins,,11,,
1499,卸,,wholesale,,9,,
1500,御,,honorable,,12,,
1501,服,,clothing,,8,,
1502,命,,fate,,8,,
P-109.1,ㄗ,"<img class=""rtk-primitive"" src=""mRtK6-P-109.1-chop_seal.svg""/>",chop seal,,2,y,
P-109.2,マ,"<img class=""rtk-primitive"" src=""mRtK6-P-109.2-chop_seal-small.svg""/>",chop seal (small),,2,y,
1503,令,,orders,,5,,
1504,零,,zero,,13,,
1505,齢,,age,,17,,
1506,冷,,cool,,7,,
1507,領,,jurisdiction,,14,,
1508,鈴,,small bell,,13,,
1509,勇,,courage,,9,,
1510,湧,,bubble up,,12,,
1511,通,,traffic,,10,,
1512,踊,,jump,,14,,
1513,疑,,doubt,,14,,
1514,擬,,mimic,,17,,
1515,凝,,congeal,,16,,
P-110,㔾,"<img class=""rtk-primitive"" src=""mRtK6-P-110-fingerprint.svg""/>",fingerprint,,2,y,
1516,範,,pattern,,15,,
1517,犯,,crime,,5,,
1518,氾,,widespread,,5,,
1519,厄,,unlucky,,4,,
1520,危,,dangerous,,6,,
P-111,夗,"<img class=""rtk-primitive"" src=""mRtK6-P-111-mailbox.svg""/>",mailbox,,5,y,
1521,宛,,address,,8,,
1522,腕,,arm,,12,,
1523,苑,,garden,,8,,
1524,怨,,grudge,,9,,
P-112.1,,"<img class=""rtk-primitive"" src=""mRtK6-P-112.1-receipt.svg""/>",receipt,,3,y,
P-112.2,,"<img class=""rtk-primitive"" src=""mRtK6-P-112.2-receipt-left.svg""/>",receipt (left),,3,y,
1525,柳,,willow,,9,,
1526,卵,,egg,,7,,
1527,留,,detain,,10,,
1528,瑠,,marine blue,,14,,
1529,貿,,trade,,12,,
P-113,,"<img class=""rtk-primitive"" src=""mRtK6-P-113-staples.svg""/>",staples,,4,y,
1530,印,,stamp,,6,,
1531,臼,,mortar,,6,,
1532,毀,,break,,13,,
1533,興,,entertain,,16,,
1534,酉,,sign of the bird,,7,,
1535,酒,,sake,,10,,
1536,酌,,bartending,,10,,
1537,酎,,hooch,,10,,
1538,酵,,fermentation,,14,,
1539,酷,,cruel,,14,,
1540,酬,,repay,,13,,
1541,酪,,dairy products,,13,,
1542,酢,,vinegar,,12,,
1543,酔,,drunk,,11,,
1544,配,,distribute,,10,,
1545,酸,,acid,,14,,
1546,猶,,waver,,12,,
1547,尊,,revered,,12,,
1548,豆,,beans,,7,,
1549,頭,,head,,16,,
1550,短,,short,,12,,
1551,豊,,bountiful,,13,,
P-114,壴,"<img class=""rtk-primitive"" src=""mRtK6-P-114-drum.svg""/>",drum,,9,y,
1552,鼓,,drum,,13,,
1553,喜,,rejoice,,12,,
1554,樹,,timber-trees,,16,,
1555,皿,,dish,,5,,
1556,血,,blood,,6,,
1557,盆,,basin,,9,,
1558,盟,,alliance,,13,,
1559,盗,,steal,,11,,
1560,温,,warm,,12,,
1561,蓋,,lid,,13,,
1562,監,,oversee,,15,,
1563,濫,,overflow,,18,,
1564,鑑,,specimen,,23,,
1565,藍,,indigo,,18,,
1566,猛,,fierce,,11,,
1567,盛,,boom,,11,,
1568,塩,,salt,,13,,
P-115.2,,"<img class=""rtk-primitive"" src=""mRtK6-P-115.2-silver-left.svg""/>",silver (left),,5,y,
P-115.1,艮,"<img class=""rtk-primitive"" src=""mRtK6-P-115.1-silver.svg""/>",silver,,6,y,
1569,銀,,silver,,14,,
1570,恨,,resentment,,9,,
1571,根,,root,,10,,
1572,即,,instant,,7,,
1573,爵,,baron,,17,,
1574,節,,node,,13,,
1575,退,,retreat,,9,,
1576,限,,limit,,9,,
1577,眼,,eyeball,,11,,
1578,良,,good,,7,,
1578.1,,"<img class=""rtk-primitive"" src=""mRtK6-1578.1-halo.svg""/>",halo,,6,y,
1579,朗,,melodious,,10,,
1580,浪,,wandering,,10,,
1581,娘,,daughter,,10,,
1582,食,,eat,,9,,
1583,飯,,meal,,12,,
1584,飲,,drink,,12,,
1585,飢,,hungry,,10,,
1586,餓,,starve,,15,,
1587,飾,,decorate,,13,,
1588,餌,,feed,,14,,
1589,館,,Bldg.,,16,,
1590,餅,,mochi,,14,,
1591,養,,foster,,15,,
1592,飽,,sated,,13,,
P-116,⺛,"<img class=""rtk-primitive"" src=""mRtK6-P-116-waitress.svg""/>",waitress,,5,y,
1593,既,,previously,,10,,
1594,概,,outline,,14,,
1595,慨,,rue,,13,,
1596,平,,even,,5,,
1597,呼,,call,,8,,
1598,坪,,two-mat area,,8,,
1599,評,,evaluate,,12,,
P-117,㐅,"<img class=""rtk-primitive"" src=""mRtK6-P-117-sheaf.svg""/>",sheaf,,2,y,
1600,刈,,reap,,4,,
1601,刹,,moment,,8,,
1602,希,,hope,,7,,
1603,凶,,villain,,4,,
1604,胸,,bosom,,10,,
1605,離,,detach,,19,,
1606,璃,,crystal,,15,,
1607,殺,,kill,,10,,
1608,爽,,bracing,,11,,
P-118,屯,"<img class=""rtk-primitive"" src=""mRtK6-P-118-earthworm.svg""/>",earthworm,,4,y,
1609,純,,genuine,,10,,
1610,頓,,immediate,,13,,
1611,鈍,,dull,,12,,
1612,辛,,spicy,,7,,
P-119,亲,"<img class=""rtk-primitive"" src=""mRtK6-P-119-red_pepper.svg""/>",red pepper,,9,y,
1613,辞,,resign,,13,,
1614,梓,,catalpa,,11,,
1615,宰,,superintend,,10,,
P-120,辟,"<img class=""rtk-primitive"" src=""mRtK6-P-120-ketchup.svg""/>",ketchup,,13,y,
1616,壁,,wall,,16,,
1617,璧,,holed gem,,18,,
1618,避,,evade,,16,,
1619,新,,new,,13,,
1620,薪,,firewood,,16,,
1621,親,,parent,,16,,
1622,幸,,happiness,,8,,
1623,執,,tenacious,,11,,
1624,摯,,clasp,,15,,
1625,報,,report,,12,,
P-121,丩,"<img class=""rtk-primitive"" src=""mRtK6-P-121-cornucopia.svg""/>",cornucopia,,2,y,
1626,叫,,shout,,6,,
1627,糾,,twist,,9,,
1628,収,,income,,4,,
1629,卑,,lowly,,9,,
1630,碑,,tombstone,,14,,
P-122,圥,"<img class=""rtk-primitive"" src=""mRtK6-P-122-rice_seedling.svg""/>",rice seedling,,5,y,
1631,陸,,land,,11,,
1632,睦,,intimate,,13,,
1633,勢,,forces,,13,,
1634,熱,,heat,,15,,
1635,菱,,diamond,,11,,
1636,陵,,mausoleum,,11,,
1637,亥,,sign of the hog,,6,,
1638,核,,nucleus,,10,,
1639,刻,,engrave,,8,,
1640,該,,above-stated,,13,,
1641,骸,,remains,,16,,
1642,劾,,censure,,8,,
P-123,朮,"<img class=""rtk-primitive"" src=""mRtK6-P-123-resin.svg""/>",resin,,5,y,
1643,述,,mention,,8,,
1644,術,,art,,11,,
P-124,,"<img class=""rtk-primitive"" src=""mRtK6-P-124-celery.svg""/>",celery,,5,y,
1645,寒,,cold,,12,,
1646,塞,,block up,,13,,
P-125,㐮,"<img class=""rtk-primitive"" src=""mRtK6-P-125-grass_skirt.svg""/>",grass skirt,,13,y,
1647,醸,,brew,,20,,
1648,譲,,defer,,20,,
1649,壌,,lot,,16,,
1650,嬢,,lass,,16,,
P-126,,"<img class=""rtk-primitive"" src=""mRtK6-P-126-grow_up.svg""/>",grow up,,4,y,
1651,毒,,poison,,8,,
1652,素,,elementary,,10,,
1653,麦,,barley,,7,,
1654,青,,blue,,8,,
1655,精,,refined,,14,,
1656,請,,solicit,,15,,
1657,情,,feelings,,11,,
1658,晴,,clear up,,12,,
1659,清,,pure,,11,,
1660,静,,quiet,,14,,
1661,責,,blame,,11,,
1662,績,,exploits,,17,,
1663,積,,volume,,16,,
1664,債,,bond,,13,,
1665,漬,,pickling,,14,,
1666,表,,surface,,8,,
1667,俵,,bag,,10,,
1668,潔,,undefiled,,15,,
1669,契,,pledge,,9,,
1670,喫,,consume,,12,,
1671,害,,harm,,10,,
1672,轄,,control,,17,,
1673,割,,proportion,,12,,
1674,憲,,constitution,,16,,
1675,生,,life,,5,,
1676,星,,star,,9,,
1677,醒,,awakening,,16,,
1678,姓,,surname,,8,,
1679,性,,sex,,8,,
1680,牲,,animal sacrifice,,9,,
1681,産,,products,,11,,
1682,隆,,hump,,11,,
P-127.1,丰,"<img class=""rtk-primitive"" src=""mRtK6-P-127.1-bushes.svg""/>",bushes,,4,y,
P-127.2,,"<img class=""rtk-primitive"" src=""mRtK6-P-127.2-bushes-side.svg""/>",bushes (side),,4,y,
1683,峰,,summit,,10,,
1684,蜂,,bee,,13,,
1685,縫,,sew,,16,,
1686,拝,,worship,,8,,
1687,寿,,longevity,,7,,
1688,鋳,,casting,,15,,
P-128,耒,"<img class=""rtk-primitive"" src=""mRtK6-P-128-christmas_tree.svg""/>",christmas tree,,6,y,
1689,籍,,enroll,,20,,
P-129,𡗗,"<img class=""rtk-primitive"" src=""mRtK6-P-129-bonsai.svg""/>",bonsai,,5,y,
1690,春,,springtime,,9,,
1691,椿,,camellia,,13,,
1692,泰,,peaceful,,10,,
1693,奏,,play music,,9,,
1694,実,,reality,,8,,
P-130,,"<img class=""rtk-primitive"" src=""mRtK6-P-130-cornstalk.svg""/>",cornstalk,,3,y,
1695,奉,,dedicate,,8,,
1696,俸,,stipend,,10,,
1697,棒,,rod,,12,,
P-131,,"<img class=""rtk-primitive"" src=""mRtK6-P-131-cabbage.svg""/>",cabbage,,10,y,
1698,謹,,discreet,,17,,
1699,僅,,trifle,,12,,
1700,勤,,diligence,,12,,
P-132,𦰩,"<img class=""rtk-primitive"" src=""mRtK6-P-132-scarecrow.svg""/>",scarecrow,,10,y,
1701,漢,,Sino-,,13,,
1702,嘆,,sigh,,13,,
1703,難,,difficult,,18,,
P-133,,"<img class=""rtk-primitive"" src=""mRtK6-P-133-silage.svg""/>",silage,,6,y,
1704,華,,splendor,,10,,
1705,垂,,droop,,8,,
1706,唾,,saliva,,11,,
1707,睡,,drowsy,,13,,
1708,錘,,spindle,,16,,
1709,乗,,ride,,9,,
1710,剰,,surplus,,11,,
1711,今,,now,,4,,
1712,含,,include,,7,,
1713,貪,,covet,,11,,
1714,吟,,versify,,7,,
1715,念,,wish,,8,,
1716,捻,,wrench,,11,,
1717,琴,,harp,,12,,
1718,陰,,shade,,11,,
1719,予,,beforehand,,4,,
1720,序,,preface,,7,,
1721,預,,deposit,,13,,
1722,野,,plains,,11,,
1723,兼,,concurrently,,10,,
1724,嫌,,dislike,,13,,
1725,鎌,,sickle,,18,,
1726,謙,,self-effacing,,17,,
1727,廉,,bargain,,13,,
1728,西,,west,,6,,
1728.1,⻃,"<img class=""rtk-primitive"" src=""mRtK6-1728.1-west.svg""/>",west,,6,y,
1729,価,,value,,8,,
1730,要,,need,,9,,
1731,腰,,loins,,13,,
1732,票,,ballot,,11,,
1733,漂,,drift,,14,,
1734,標,,signpost,,15,,
1735,栗,,chestnut,,10,,
1736,慄,,shudder,,13,,
1737,遷,,transition,,15,,
1738,覆,,capsize,,18,,
1739,煙,,smoke,,13,,
1740,南,,south,,9,,
1741,楠,,camphor tree,,13,,
1742,献,,offering,,13,,
1743,門,,gates,,8,,
1744,問,,question,,11,,
1745,閲,,review,,15,,
1746,閥,,clique,,14,,
1747,間,,interval,,12,,
1748,闇,,pitch dark,,17,,
1749,簡,,simplicity,,18,,
1750,開,,open,,12,,
1751,閉,,closed,,11,,
1752,閣,,tower,,14,,
1753,閑,,leisure,,12,,
1754,聞,,hear,,14,,
1755,潤,,wet,,15,,
1756,欄,,column,,20,,
1757,闘,,fight,,18,,
1758,倉,,godown,,10,,
1759,創,,genesis,,12,,
1760,非,,un-,,8,,
1761,俳,,haiku,,10,,
1762,排,,repudiate,,11,,
1763,悲,,sad,,12,,
1764,罪,,guilt,,13,,
1765,輩,,comrade,,15,,
1766,扉,,front door,,12,,
P-134,ユ,"<img class=""rtk-primitive"" src=""mRtK6-P-134-key.svg""/>",key,,2,y,
1767,侯,,marquis,,9,,
1768,喉,,throat,,12,,
1769,候,,climate,,10,,
P-135,夬,"<img class=""rtk-primitive"" src=""mRtK6-P-135-guillotine.svg""/>",guillotine,,4,y,
1770,決,,decide,,7,,
1771,快,,cheerful,,7,,
P-136,韋,"<img class=""rtk-primitive"" src=""mRtK6-P-136-locket.svg""/>",locket,,10,y,
1772,偉,,admirable,,12,,
1773,違,,difference,,13,,
1774,緯,,horizontal,,16,,
1775,衛,,defense,,16,,
1776,韓,,Korea,,18,,
1777,干,,dry,,3,,
1778,肝,,liver,,7,,
1779,刊,,publish,,5,,
1780,汗,,sweat,,6,,
1781,軒,,flats,,10,,
1782,岸,,beach,,8,,
1783,幹,,tree trunk,,13,,
P-137,于,"<img class=""rtk-primitive"" src=""mRtK6-P-137-potato.svg""/>",potato,,3,y,
1784,芋,,potato,,6,,
1785,宇,,eaves,,6,,
1786,余,,too much,,7,,
1787,除,,exclude,,10,,
1788,徐,,gradually,,10,,
1789,叙,,confer,,9,,
1790,途,,route,,10,,
1791,斜,,diagonal,,11,,
1792,塗,,paint,,13,,
1793,束,,bundle,,7,,
1794,頼,,trust,,16,,
1795,瀬,,rapids,,19,,
1796,勅,,imperial order,,9,,
1797,疎,,alienate,,12,,
1798,辣,,bitter,,14,,
1799,速,,quick,,10,,
1800,整,,organize,,16,,
P-138,㑒,"<img class=""rtk-primitive"" src=""mRtK6-P-138-awl.svg""/>",awl,,8,y,
1801,剣,,saber,,10,,
1802,険,,precipitous,,11,,
1803,検,,examination,,12,,
1804,倹,,frugal,,10,,
1805,重,,heavy,,9,,
1806,動,,move,,11,,
1807,腫,,tumor,,13,,
1808,勲,,meritorious deed,,15,,
1809,働,,work,,13,,
1810,種,,species,,14,,
1811,衝,,collide,,15,,
1812,薫,,fragrant,,16,,
P-139,疒,"<img class=""rtk-primitive"" src=""mRtK6-P-139-sickness.svg""/>",sickness,,5,y,
1813,病,,ill,,10,,
1814,痴,,stupid,,13,,
1815,痘,,pox,,12,,
1816,症,,symptoms,,10,,
1817,瘍,,carbuncle,,14,,
1818,痩,,lose weight,,12,,
1819,疾,,rapidly,,10,,
1820,嫉,,envy,,13,,
1821,痢,,diarrhea,,12,,
1822,痕,,scar,,11,,
1823,疲,,tired,,10,,
1824,疫,,epidemic,,9,,
1825,痛,,pain,,12,,
1826,癖,,mannerism,,18,,
P-140.1,匚,"<img class=""rtk-primitive"" src=""mRtK6-P-140.1-box.svg""/>",box,,2,y,
P-140.2,,"<img class=""rtk-primitive"" src=""mRtK6-P-140.2-box-small.svg""/>",box (small),,2,y,
1827,匿,,hide,,10,,
1828,匠,,artisan,,6,,
1829,医,,doctor,,7,,
1830,匹,,equal,,4,,
1831,区,,ward,,4,,
1832,枢,,hinge,,8,,
1833,殴,,assault,,8,,
1834,欧,,Europe,,8,,
1835,抑,,repress,,7,,
1836,仰,,faceup,,6,,
1837,迎,,welcome,,7,,
P-141,癶,"<img class=""rtk-primitive"" src=""mRtK6-P-141-teepee.svg""/>",teepee,,5,y,
1838,登,,ascend,,12,,
1839,澄,,lucidity,,15,,
1840,発,,discharge,,9,,
1841,廃,,abolish,,12,,
P-142,尞,"<img class=""rtk-primitive"" src=""mRtK6-P-142-pup_tent.svg""/>",pup tent,,12,y,
1842,僚,,colleague,,14,,
1843,瞭,,obvious,,17,,
1844,寮,,dormitory,,15,,
1845,療,,heal,,17,,
P-143,彡,"<img class=""rtk-primitive"" src=""mRtK6-P-143-shape.svg""/>",shape,,3,y,
1846,彫,,carve,,11,,
1847,形,,shape,,7,,
1848,影,,shadow,,15,,
1849,杉,,cedar,,7,,
1850,彩,,coloring,,11,,
1851,彰,,patent,,14,,
1852,彦,,lad,,9,,
1853,顔,,face,,18,,
1854,須,,ought,,12,,
1855,膨,,swell,,16,,
1856,参,,visit,,8,,
1857,惨,,wretched,,11,,
1858,修,,discipline,,10,,
1859,珍,,rare,,9,,
1860,診,,checkup,,12,,
1861,文,,sentence,,4,,
1862,対,,vis-a-vis,,7,,
1863,紋,,family crest,,10,,
1864,蚊,,mosquito,,10,,
1865,斑,,speckled,,12,,
P-144,,"<img class=""rtk-primitive"" src=""mRtK6-P-144-fenceposts.svg""/>",fenceposts,,2,y,
1866,斉,,adjusted,,8,,
1867,剤,,dose,,10,,
1868,済,,finish,,11,,
1869,斎,,purification,,11,,
1870,粛,,solemn,,11,,
P-145,,"<img class=""rtk-primitive"" src=""mRtK6-P-145-sparkler.svg""/>",sparkler,,4,y,
1871,塁,,bases,,12,,
1872,楽,,music,,13,,
1873,薬,,medicine,,16,,
1874,率,,ratio,,11,,
1875,渋,,astringent,,11,,
1876,摂,,vicarious,,13,,
1877,央,,center,,5,,
1878,英,,England,,8,,
1879,映,,reflect,,9,,
1880,赤,,red,,7,,
1880.1,亦,"<img class=""rtk-primitive"" src=""mRtK6-1880.1-apple.svg""/>",apple,,6,y,
1881,赦,,pardon,,11,,
1882,変,,unusual,,9,,
1883,跡,,tracks,,13,,
1884,蛮,,barbarian,,12,,
1885,恋,,romance,,10,,
1886,湾,,gulf,,12,,
1887,黄,,yellow,,11,,
1888,横,,sideways,,15,,
P-146,巴,"<img class=""rtk-primitive"" src=""mRtK6-P-146-mosaic.svg""/>",mosaic,,4,y,
1889,把,,grasp,,7,,
1890,色,,color,,6,,
1891,絶,,discontinue,,12,,
1892,艶,,glossy,,19,,
1893,肥,,fertilizer,,8,,
1894,甘,,sweet,,5,,
1895,紺,,navy blue,,11,,
1896,某,,so-and-so,,9,,
1897,謀,,conspire,,16,,
1898,媒,,mediator,,12,,
P-147,其,"<img class=""rtk-primitive"" src=""mRtK6-P-147-bushel_basket.svg""/>",bushel basket,,8,y,
1899,欺,,deceit,,12,,
1900,棋,,chess piece,,12,,
1901,旗,,national flag,,14,,
1902,期,,period,,12,,
1903,碁,,Go,,13,,
1904,基,,fundamentals,,11,,
1905,甚,,tremendously,,9,,
1906,勘,,intuition,,11,,
1907,堪,,withstand,,12,,
P-148,,"<img class=""rtk-primitive"" src=""mRtK6-P-148-purse.svg""/>",purse,,5,y,
1908,貴,,precious,,12,,
1909,遺,,bequeath,,15,,
1910,遣,,dispatch,,13,,
1911,潰,,defile,,15,,
1912,舞,,dance,,15,,
1912.1,,"<img class=""rtk-primitive"" src=""mRtK6-1912.1-oaken_tub.svg""/>",oaken tub,,6,y,
1913,無,,nothingness,,12,,
P-149,且,"<img class=""rtk-primitive"" src=""mRtK6-P-149-shelf.svg""/>",shelf,,5,y,
1914,組,,association,,11,,
1915,粗,,coarse,,11,,
1916,租,,tariff,,10,,
1917,狙,,aim at,,8,,
1918,祖,,ancestor,,9,,
1919,阻,,thwart,,8,,
1920,査,,investigate,,9,,
1921,助,,help,,7,,
1922,宜,,best regards,,8,,
1923,畳,,tatami mat,,12,,
1924,並,,row,,8,,
1924.1,业,"<img class=""rtk-primitive"" src=""mRtK6-1924.1-row-bottom.svg""/>",row (bottom),,5,y,
1924.2,,"<img class=""rtk-primitive"" src=""mRtK6-1924.2-in_a_row_upside_down.svg""/>",in a row upside down,,9,y,
1925,普,,universal,,12,,
1926,譜,,musical score,,19,,
1927,湿,,damp,,12,,
1928,顕,,appear,,18,,
1929,繊,,slender,,17,,
1930,霊,,spirits,,15,,
1931,業,,profession,,13,,
1932,撲,,slap,,15,,
1933,僕,,me,,14,,
1934,共,,together,,6,,
1935,供,,submit,,8,,
1936,異,,uncommon,,11,,
1937,翼,,wing,,17,,
1938,戴,,accept humbly,,17,,
1939,洪,,deluge,,9,,
1940,港,,harbor,,12,,
1941,暴,,outburst,,15,,
1942,爆,,bomb,,19,,
1943,恭,,respect,,10,,
1944,選,,elect,,15,,
1945,殿,,Mr.,,13,,
1946,井,,well,,4,,
1947,丼,,donburi,,5,,
1948,囲,,surround,,7,,
1949,耕,,till,,10,,
1950,亜,,Asia,,7,,
1951,悪,,bad,,11,,
1952,円,,circle,,4,,
1953,角,,angle,,7,,
1954,触,,contact,,13,,
1955,解,,unravel,,13,,
1956,再,,again,,6,,
P-150,冓,"<img class=""rtk-primitive"" src=""mRtK6-P-150-funnel.svg""/>",funnel,,10,y,
1957,講,,lecture,,17,,
1958,購,,subscription,,17,,
1959,構,,posture,,14,,
1960,溝,,gutter,,13,,
P-151,,"<img class=""rtk-primitive"" src=""mRtK6-P-151-scrapbook.svg""/>",scrapbook,,5,y,
1961,論,,argument,,15,,
1962,倫,,ethics,,10,,
1963,輪,,wheel,,15,,
1964,偏,,partial,,11,,
1965,遍,,everywhere,,12,,
1966,編,,compilation,,15,,
1967,冊,,tome,,5,,
1968,柵,,palisade,,9,,
1969,典,,code,,8,,
1970,氏,,family name,,4,,
1971,紙,,paper,,10,,
1972,婚,,marriage,,11,,
P-152,氐,"<img class=""rtk-primitive"" src=""mRtK6-P-152-calling_card.svg""/>",calling card,,5,y,
1973,低,,lower,,7,,
1974,抵,,resist,,8,,
1975,底,,bottom,,8,,
1976,民,,people,,5,,
1977,眠,,sleep,,10,,
P-153,甫,"<img class=""rtk-primitive"" src=""mRtK6-P-153-dog_tag.svg""/>",dog tag,,7,y,
1978,捕,,catch,,10,,
1979,哺,,suckle,,10,,
1980,浦,,bay,,10,,
1981,蒲,,bullrush,,13,,
1982,舗,,shop,,15,,
1983,補,,supplement,,12,,
P-154,⻏,"<img class=""rtk-primitive"" src=""mRtK6-P-154-city_walls-right.svg""/>",city walls (right),,3,y,
1984,邸,,residence,,8,,
1985,郭,,enclosure,,11,,
1986,郡,,county,,10,,
1987,郊,,outskirts,,9,,
1988,部,,section,,11,,
1989,都,,metropolis,,11,,
1990,郵,,mail,,11,,
1991,邦,,home country,,7,,
1992,那,,interrogative,,7,,
1993,郷,,hometown,,11,,
1994,響,,echo,,20,,
1995,郎,,son,,9,,
1996,廊,,corridor,,12,,
P-155.1,⺁,"<img class=""rtk-primitive"" src=""mRtK6-P-155.1-drag.svg""/>",drag,,2,y,
P-155.2,,"<img class=""rtk-primitive"" src=""mRtK6-P-155.2-drag-bottom.svg""/>",drag (bottom),,2,y,
1997,盾,,shield,,9,,
1998,循,,sequential,,12,,
1999,派,,faction,,9,,
2000,脈,,vein,,10,,
2001,衆,,masses,,12,,
2002,逓,,parcel post,,10,,
2003.1,,"<img class=""rtk-primitive"" src=""mRtK6-2003.1-staple_gun.svg""/>",staple gun,,5,y,
2003,段,,grade,,9,,
2004,鍛,,forge,,17,,
2005,后,,empress,,6,,
P-156,,"<img class=""rtk-primitive"" src=""mRtK6-P-156-clothes_hanger.svg""/>",clothes hanger,,1,y,
2006,幻,,phantasm,,4,,
2007,司,,director,,5,,
2008,伺,,pay respects,,7,,
2009,詞,,parts of speech,,12,,
2010,飼,,domesticate,,13,,
2011,嗣,,heir,,13,,
2012,舟,,boat,,6,,
2013,舶,,liner,,11,,
2014,航,,navigate,,10,,
2015,舷,,gunwale,,11,,
2016,般,,carrier,,10,,
2017,盤,,tray,,15,,
2018,搬,,conveyor,,13,,
2019,船,,ship,,11,,
2020,艦,,warship,,21,,
2021,艇,,rowboat,,13,,
2022,瓜,,melon,,6,,
2023,弧,,arc,,9,,
2024,孤,,orphan,,9,,
2025,繭,,cocoon,,18,,
2026,益,,benefit,,10,,
2027,暇,,spare time,,13,,
2028,敷,,spread,,15,,
2029,来,,come,,7,,
2030,気,,spirit,,6,,
2031,汽,,vapor,,7,,
2032,飛,,fly,,9,,
2033,沈,,sink,,7,,
2034,枕,,pillow,,8,,
2035,妻,,wife,,8,,
2036,凄,,nifty,,10,,
2037,衰,,decline,,10,,
2038,衷,,inmost,,10,,
2039,面,,mask,,9,,
2040,麺,,noodles,,16,,
2041,革,,leather,,9,,
2042,靴,,shoes,,13,,
2043,覇,,hegemony,,19,,
2044,声,,voice,,7,,
2045,眉,,eyebrow,,9,,
2046,呉,,give,,7,,
2047,娯,,recreation,,10,,
2048,誤,,mistake,,14,,
2049,蒸,,steam,,13,,
2050,承,,acquiesce,,8,,
2051,函,,bin,,8,,
2052,極,,poles,,12,,
2053,牙,,tusk,,5,,
2054,芽,,bud,,8,,
2055,邪,,wicked,,8,,
2056,雅,,gracious,,13,,
P-157,釆,"<img class=""rtk-primitive"" src=""mRtK6-P-157-animal_tracks.svg""/>",animal tracks,,7,y,
2057,釈,,interpretation,,11,,
2058,番,,turn,,12,,
2059,審,,hearing,,15,,
2060,翻,,flip,,18,,
2061,藩,,clan,,18,,
2062,毛,,fur,,4,,
2063,耗,,decrease,,10,,
2064,尾,,tail,,7,,
P-158,乇,"<img class=""rtk-primitive"" src=""mRtK6-P-158-lock_of_hair.svg""/>",lock of hair,,3,y,
2065,宅,,home,,6,,
2066,託,,consign,,10,,
P-159,,"<img class=""rtk-primitive"" src=""mRtK6-P-159-tail_feathers.svg""/>",tail feathers,,5,y,
2067,為,,do,,9,,
2068,偽,,falsehood,,11,,
P-160,,"<img class=""rtk-primitive"" src=""mRtK6-P-160-hairpin.svg""/>",hairpin,,4,y,
2069,畏,,apprehensive,,9,,
2070,長,,long,,8,,
2070.2,,"<img class=""rtk-primitive"" src=""mRtK6-2070.2-mane.svg""/>",mane,,5,y,
2070.1,镸,"<img class=""rtk-primitive"" src=""mRtK6-2070.1-hair.svg""/>",hair,,7,y,
2071,張,,lengthen,,11,,
2072,帳,,notebook,,11,,
2073,脹,,dilate,,12,,
2074,髪,,hair of the head,,14,,
2075,展,,unfold,,10,,
2076,喪,,miss,,12,,
P-161,⺍,"<img class=""rtk-primitive"" src=""mRtK6-P-161-owl.svg""/>",owl,,3,y,
2077,巣,,nest,,11,,
2078,単,,simple,,9,,
2079,戦,,war,,13,,
2080,禅,,Zen,,13,,
2081,弾,,bullet,,12,,
2082,桜,,cherry tree,,10,,
2083,獣,,animal,,16,,
2084,脳,,brain,,11,,
2085,悩,,trouble,,10,,
2086,厳,,stern,,17,,
2087,鎖,,chain,,18,,
2088,挙,,raise,,10,,
2089,誉,,reputation,,13,,
2090,猟,,game hunting,,11,,
2091,鳥,,bird,,11,,
2092,鳴,,chirp,,14,,
2093,鶴,,crane,,21,,
2094,烏,,crow,,10,,
2095,蔦,,vine,,14,,
2096,鳩,,pigeon,,13,,
2097,鶏,,chicken,,19,,
2098,島,,island,,10,,
P-162,爰,"<img class=""rtk-primitive"" src=""mRtK6-P-162-migrating_ducks.svg""/>",migrating ducks,,9,y,
2099,暖,,warmth,,13,,
2100,媛,,beautiful woman,,12,,
2101,援,,abet,,12,,
2102,緩,,slacken,,15,,
2103,属,,belong,,12,,
2104,嘱,,entrust,,15,,
2105.1,禺,"<img class=""rtk-primitive"" src=""mRtK6-2105.1-talking_cricket.svg""/>",talking cricket,,9,y,
2105,偶,,accidentally,,11,,
2106,遇,,interview,,12,,
2107,愚,,foolish,,13,,
2108,隅,,corner,,12,,
P-163,屰,"<img class=""rtk-primitive"" src=""mRtK6-P-163-mountain_goat.svg""/>",mountain goat,,6,y,
2109,逆,,inverted,,9,,
2110,塑,,model,,13,,
2111,遡,,go upstream,,13,,
2112,岡,,Mount,,8,,
2113,鋼,,steel,,16,,
2114,綱,,hawser,,14,,
2115,剛,,sturdy,,10,,
2116,缶,,tin can,,6,,
2117,陶,,pottery,,11,,
P-164,,"<img class=""rtk-primitive"" src=""mRtK6-P-164-condor.svg""/>",condor,,9,y,
2118,揺,,swing,,12,,
2119,謡,,Noh chanting,,16,,
2120,鬱,,gloom,,29,,
2121,就,,concerning,,12,,
2122,蹴,,kick,,19,,
P-165,⾘,"<img class=""rtk-primitive"" src=""mRtK6-P-165-skunk.svg""/>",skunk,,7,y,
2123,懇,,sociable,,17,,
2124,墾,,groundbreaking,,16,,
2125,貌,,countenance,,14,,
2126,免,,excuse,,8,,
2127,逸,,elude,,11,,
2128,晩,,nightfall,,12,,
2129,勉,,exertion,,10,,
2130,象,,elephant,,12,,
2131,像,,statue,,14,,
2132,馬,,horse,,10,,
2133,駒,,pony,,15,,
2134,験,,verification,,18,,
2135,騎,,equestrian,,18,,
2136,駐,,parking,,15,,
2137,駆,,drive,,14,,
2138,駅,,station,,14,,
2139,騒,,boisterous,,18,,
2140,駄,,burdensome,,14,,
2141,驚,,wonder,,22,,
2142,篤,,fervent,,16,,
2143,罵,,insult,,15,,
2144,騰,,inflation,,20,,
2145,虎,,tiger,,8,,
2145.1,⾌,"<img class=""rtk-primitive"" src=""mRtK6-2145.1-tiger.svg""/>",tiger,,6,y,
2146,虜,,captive,,13,,
2147,膚,,skin,,15,,
2148,虚,,void,,11,,
2149,戯,,frolic,,15,,
2150,虞,,uneasiness,,13,,
2151,慮,,prudence,,15,,
2152,劇,,drama,,15,,
2153,虐,,tyrannize,,9,,
2154,鹿,,deer,,11,,
2154.1,,"<img class=""rtk-primitive"" src=""mRtK6-2154.1-deer.svg""/>",deer,,7,y,
2155,麓,,foot of a mountain,,19,,
2156,薦,,recommend,,16,,
2157,慶,,jubilation,,15,,
2158,麗,,lovely,,19,,
2159,熊,,bear,,14,,
2160,能,,ability,,10,,
2161,態,,attitude,,14,,
2162,寅,,sign of the tiger,,11,,
2163,演,,performance,,14,,
2164,辰,,sign of the dragon,,7,,
2165,辱,,embarrass,,10,,
2166,震,,quake,,15,,
2167,振,,shake,,10,,
2168,娠,,with child,,10,,
2169,唇,,lips,,10,,
2170,農,,agriculture,,13,,
2171,濃,,concentrated,,16,,
P-166,关,"<img class=""rtk-primitive"" src=""mRtK6-P-166-golden_calf.svg""/>",golden calf,,6,y,
2172,送,,send off,,9,,
2173,関,,connection,,14,,
2174,咲,,blossom,,9,,
2175,鬼,,ghost,,10,,
2176,醜,,ugly,,17,,
2177,魂,,soul,,14,,
2178,魔,,witch,,21,,
2179,魅,,fascination,,15,,
2180,塊,,clod,,13,,
2181,襲,,attack,,22,,
2182,嚇,,upbraid,,17,,
2183,朕,,majestic plural,,10,,
2184,雰,,atmosphere,,12,,
2185,箇,,item,,14,,
2186,錬,,tempering,,16,,
2187,遵,,abide by,,15,,
2188,罷,,quit,,15,,
2189,屯,,barracks,,4,,
2190,且,,moreover,,5,,
2191,藻,,seaweed,,19,,
2192,隷,,slave,,16,,
2193,癒,,healing,,18,,
2194,璽,,imperial seal,,19,,
2195,潟,,lagoon,,15,,
2196,丹,,cinnabar,,4,,
2197,丑,,sign of the cow,,4,,
2198,羞,,humiliate,,11,,
2199,卯,,sign of the hare,,5,,
2200,巳,,sign of the snake,,3,,
